User_Id,Timestamp,User_Reputation,User_Experience,User_Activity,University_Area,Road_Accident,Road_Type,Speed_Limit,Violation_Type,Battery_Percentage,Internet_Connection,Internet_Signal_Strength,Accelerometer_Range,Accelerometer_Resolution,Latitude,Longitude,True_Class
User_74,2025-01-01 13:37:42,0.448,0.2457,Running,Ligeris,1.0,2way,20.0,Reckless_Driving,5.0,3G,-89.0,6.0,0.0039680118481981,40.306236905873845,21.791278245294947,Normal
User_26,2025-01-03 05:46:19,0.552,0.2717,Driving,Zep,2.0,4way,80.0,Driving_Under_Influence,87.0,3G,-116.0,9.0,0.0068877391862375,40.27995952389614,21.753840109352712,Normal
User_74,2025-01-03 09:51:39,0.448,0.2497,Walking,Zep,6.0,4way,50.0,Speeding,53.0,3G,-88.0,9.0,0.0059493644292906,40.28020746858754,21.75401610318745,Intentional
User_25,2025-01-04 21:07:20,0.491,0.2261,Driving,Zep,1.0,2way,20.0,Speeding,101.0,3G,-88.0,-15.0,0.0028121978135864,40.27966649979107,21.75341410524853,Unintentional
User_93,2025-01-05 03:08:13,0.583,0.3026,Swimming,Zep,1.0,1way,30.0,Driving_Under_Influence,33.0,3G,-92.0,15.0,0.0021970166112606,40.27948133757637,21.791278245294947,Intentional
User_02,2025-01-05 04:06:16,0.582,0.0343,Driving,Koila,1.0,2way,40.0,Speeding,56.0,3G,-88.0,-4.0,0.0018940245565358,40.32178504992165,18.591867,Normal
User_78,2025-01-07 03:35:32,0.553,0.0184,Driving,Zep,2.0,1way,10.0,Reckless_Driving,94.0,WiFi,-66.0,0.0,0.0028926688179924,40.28079725684128,21.7528952324508,Normal
User_06,2025-01-07 08:45:03,0.267,0.2867,Walking,Zep,0.0,2way,30.0,Driving_Under_Influence,40.0,WiFi,-86.0,0.0,0.0047828959162413,40.27868957180965,21.75180832595917,Normal
User_15,2025-01-08 21:33:11,0.256,0.3571,Running,Koila,0.0,5way,40.0,Driving_Under_Influence,39.0,4G,-110.0,-4.0,0.0055172650494709,42.099013,21.79102776596078,Intentional
User_14,2025-01-09 18:40:19,0.278,0.3046,Walking,Zep,2.0,4way,10.0,Reckless_Driving,75.0,5G,-107.0,-15.0,0.0099747085277746,40.27964306643783,21.75378323459636,Normal
User_38,2025-01-10 01:13:46,0.422,0.3487,Walking,Koila,0.0,4way,50.0,Speeding,53.0,WiFi,-56.0,9.0,0.0012359635575167,40.322243228906586,21.791135080818872,Normal
User_70,2025-01-12 11:29:36,0.694,0.161,Driving,Zep,2.0,2way,40.0,Driving_Under_Influence,52.0,Satellite,-120.0,3.0,0.0068153903722586,40.27954123886969,21.753149704785542,Normal
User_51,2025-01-12 12:04:14,0.433,0.2966,Driving,Koila,2.0,2way,20.0,Reckless_Driving,12.0,3G,-119.0,-22.0,0.0086791449954274,40.306236905873845,21.79126653904611,Unintentional
User_03,2025-01-13 23:00:24,0.294,0.0514,Running,Koila,0.0,1way,10.0,Speeding,97.0,3G,-76.0,4.0,0.00577095763083285,40.322329561921485,21.79204494879414,Normal
User_71,2025-01-14 05:41:14,0.466,0.5687,Walking,Koila,0.0,2way,150.0,Speeding,62.0,4G,-95.0,2.0,0.0075629365513031,40.322731119159165,21.79180930644305,Intentional
User_44,2025-01-14 11:05:43,0.677,0.1794,Running,Koila,0.0,2way,40.0,Driving_Under_Influence,88.0,3G,-113.0,-3.0,0.0035947124068349,40.32216786566608,17.753359,Normal
User_45,2025-01-14 21:08:39,0.483,0.1687,Driving,Ligeris,0.0,2way,40.0,Speeding,54.0,WiFi,-80.0,14.0,0.0078809040877519,42.068062,21.805377280057886,Normal
User_72,2025-01-16 17:01:08,0.422,0.2309,Driving,Ligeris,0.0,2way,30.0,Driving_Under_Influence,46.0,3G,-84.0,-6.0,0.0010076980512235,40.30691756300195,21.806459173299743,Normal
User_37,2025-01-18 21:21:36,0.726,0.3758,Walking,Koila,0.0,1way,30.0,Reckless_Driving,31.0,5G,-97.0,19.0,0.0053219017149496,40.32208722056733,21.79306568113638,Unintentional
User_87,2025-01-19 13:15:19,0.548,0.2302,Driving,Koila,1.0,1way,30.0,Reckless_Driving,64.0,5G,-76.0,4.0,0.0058545250715081,40.32194345265,21.78998365958797,Normal
User_57,2025-01-21 09:00:25,0.735,0.3883,Driving,Ligeris,0.0,1way,10.0,Driving_Under_Influence,81.0,3G,-103.0,-8.0,0.03,40.30528264091892,21.8061727090083,Unintentional
User_94,2025-01-22 04:00:31,0.336,0.3626,Walking,Ligeris,0.0,2way,50.0,Speeding,16.0,4G,-71.0,6.0,0.0096834627408189,41.614108,21.791278245294947,Normal
User_47,2025-01-23 01:21:13,0.504,0.1586,Driving,Zep,0.0,2way,80.0,Reckless_Driving,93.0,WiFi,-67.0,11.0,0.0021502830043353,40.280694536727374,21.75456527373787,Normal
User_21,2025-01-24 01:08:56,0.428,0.1218,Walking,Zep,0.0,2way,90.0,Reckless_Driving,13.0,3G,-83.0,13.0,0.0053203395607665,40.279185263818825,21.75175108739902,Normal
User_91,2025-01-25 00:58:39,0.699,0.4447,Driving,Zep,1.0,1way,70.0,Reckless_Driving,57.0,WiFi,-76.0,10.0,0.0050431264369725,40.27904438885519,21.754201615762994,Normal
User_01,2025-01-25 21:43:34,0.522,0.1683,Running,Ligeris,0.0,1way,80.0,Reckless_Driving,77.0,3G,-109.0,-7.0,0.0095383310381907,40.306236905873845,21.8052994008684,Normal
User_04,2025-01-26 08:01:52,0.383,0.4207,Swimming,Ligeris,4.0,1way,20.0,Speeding,45.0,3G,-106.0,-10.0,0.0068909014022885,40.30540053783253,21.809302641416203,Intentional
User_39,2025-01-26 10:51:02,0.314,0.2429,Driving,Ligeris,2.0,1way,60.0,Speeding,52.0,3G,-39.0,-6.0,0.0019748813162998,40.306236905873845,21.808799117309707,Normal
User_18,2025-01-26 14:10:27,0.386,0.0563,Swimming,Ligeris,0.0,2way,40.0,Driving_Under_Influence,71.0,WiFi,-79.0,13.0,0.0046297685890417,40.30571650462363,21.80678945446525,Intentional
User_63,2025-01-28 04:30:02,0.579,0.1641,Running,Koila,0.0,2way,50.0,Speeding,32.0,4G,-100.0,10.0,0.0084969733979593,42.82825,21.791753921786253,Normal
User_46,2025-01-28 11:12:36,0.409,0.4049,Running,Zep,0.0,2way,10.0,Driving_Under_Influence,53.0,5G,-88.0,13.0,0.0033716414173924,40.27953782450991,21.753229873192307,Normal
User_83,2025-01-28 19:49:03,0.693,0.3856,Driving,Koila,0.0,2way,10.0,Reckless_Driving,74.0,4G,-117.0,14.0,0.00577095763083285,40.32135142772624,21.79078612067642,Normal
User_24,2025-01-29 11:50:48,0.558,0.0977,Driving,Zep,0.0,4way,60.0,Reckless_Driving,92.0,3G,-73.0,10.0,0.043,40.27993337013999,21.753218427422222,Unintentional
User_75,2025-01-29 23:44:05,0.359,0.2478,Driving,Ligeris,0.0,2way,40.0,Driving_Under_Influence,64.0,5G,-98.0,11.0,0.0051968745728602,40.32193644429628,21.79247955864474,Normal
User_55,2025-01-30 06:08:42,0.612,0.2933,Walking,Koila,0.0,4way,70.0,Reckless_Driving,72.0,5G,-103.0,12.0,0.009976912191861,40.32306149355064,21.790817730574485,Normal
User_98,2025-01-30 07:35:21,0.502,0.46,Driving,Ligeris,1.0,1way,60.0,Reckless_Driving,38.0,3G,-70.0,-9.0,0.0086870262651844,40.30643467530685,21.805521742656808,Normal
User_13,2025-01-30 13:38:48,0.47,0.2906,Driving,Zep,1.0,2way,70.0,Reckless_Driving,98.0,5G,-112.0,5.0,0.0092382566611707,40.27995888768458,21.755186904332035,Normal
User_91,2025-01-30 17:17:43,0.699,0.4557,Walking,Ligeris,5.0,1way,20.0,Driving_Under_Influence,39.0,4G,-115.0,6.0,0.0069036210403105,40.30623666537717,21.807491258353476,Normal
User_33,2025-01-31 00:15:22,0.28,0.0713,Driving,Ligeris,1.0,1way,20.0,Reckless_Driving,94.0,Ethernet,-51.0,11.0,0.00577095763083285,40.306224756182544,21.8066716813358,Normal
User_10,2025-01-31 01:10:35,0.611,0.1741,Driving,Ligeris,2.0,2way,40.0,Driving_Under_Influence,16.0,WiFi,-51.0,-4.0,0.0012957300133637,40.30629799117224,21.80788709354105,Normal
User_17,2025-01-31 15:19:05,0.572,0.3875,Driving,Zep,1.0,2way,10.0,Reckless_Driving,21.0,3G,-81.0,9.0,0.0072405239906808,40.279222901195325,21.751346945235213,Normal
User_24,2025-01-31 20:48:43,0.558,0.1017,Running,Zep,2.0,4way,70.0,Speeding,97.0,4G,-70.0,8.0,0.0079574555117395,40.306236905873845,21.755314302192225,Normal
User_01,2025-02-01 10:11:53,0.522,0.1813,Running,Koila,0.0,1way,70.0,Driving_Under_Influence,29.0,4G,-90.0,-1.0,0.0012352374759164,40.32205615961744,21.791185944569303,Normal
User_46,2025-02-04 05:29:25,0.409,0.4199,Walking,Koila,1.0,2way,50.0,Speeding,18.0,5G,-75.0,1.0,0.0047209014669508,40.32182546006208,21.7927401192686,Normal
User_65,2025-02-04 17:32:32,0.704,0.1173,Running,Zep,1.0,4way,30.0,Reckless_Driving,69.0,3G,-88.0,0.0,0.00577095763083285,40.27928430813206,21.791278245294947,Normal
User_65,2025-02-07 14:19:03,0.704,0.5687,Running,Ligeris,1.0,2way,30.0,Reckless_Driving,26.0,5G,-82.0,0.0,0.023,40.30613982372788,21.807331828092725,Unintentional
User_57,2025-02-08 08:42:58,0.735,0.4243,Driving,Zep,1.0,1way,80.0,Driving_Under_Influence,119.0,3G,-103.0,-5.0,0.004364095467899,40.27856767580117,21.7542894022564,Unintentional
User_34,2025-02-10 13:35:07,0.399,0.1202,Running,Zep,9.0,2way,40.0,Reckless_Driving,13.0,WiFi,-50.0,10.0,0.0034315664565813,40.27819813504835,21.753468522297485,Intentional
User_18,2025-02-11 14:53:00,0.386,0.0893,Driving,Koila,1.0,4way,70.0,Speeding,37.0,WiFi,-69.0,0.0,0.0096475113113555,40.322008948527085,21.792184818177336,Normal
User_08,2025-02-12 12:10:20,0.255,0.1484,Running,Zep,1.0,2way,90.0,Speeding,28.0,WiFi,-81.0,8.0,0.0020033380112294,40.279138317377104,23.555733,Normal
User_72,2025-02-12 21:18:23,0.422,0.2859,Driving,Koila,0.0,1way,70.0,Speeding,2.0,3G,-80.0,11.0,0.0087143217802239,40.32268575478834,21.791364069759837,Normal
User_71,2025-02-13 10:43:11,0.466,0.3985,Driving,Ligeris,0.0,1way,50.0,Speeding,97.0,5G,-117.0,8.0,0.0077557740156053,40.3061610442598,21.80603814497684,Normal
User_31,2025-02-14 18:27:58,0.579,0.1446,Driving,Zep,0.0,2way,50.0,Reckless_Driving,83.0,WiFi,-88.0,13.0,0.0019216228295857,40.280258896522525,21.75233408281924,Normal
User_46,2025-02-15 07:57:53,0.409,0.4409,Walking,Koila,3.0,1way,20.0,Driving_Under_Influence,38.0,4G,-83.0,-10.0,0.003423260184707,40.306236905873845,21.79097459755199,Normal
User_20,2025-02-15 16:00:54,0.471,0.4243,Walking,Zep,0.0,2way,90.0,Reckless_Driving,13.0,5G,-111.0,-4.0,0.0088594136447149,40.28038680881404,21.752735067110198,Normal
User_07,2025-02-17 14:51:30,0.548,0.2393,Driving,Koila,0.0,4way,50.0,Driving_Under_Influence,25.0,3G,-119.0,-6.0,0.0071704690470603,40.32169881354268,21.79170929531885,Normal
User_07,2025-02-18 04:49:10,0.548,0.2403,Walking,Koila,2.0,1way,20.0,Lane_Discards,30.0,5G,-106.0,12.0,0.005615143595912,40.32047788836496,21.79082803731352,Intentional
User_02,2025-02-18 15:42:58,0.582,0.1233,Walking,Koila,1.0,2way,60.0,Speeding,36.0,WiFi,-74.0,-16.0,0.0023546673153082,40.32167769878118,21.79106459766706,Normal
User_53,2025-02-20 17:52:10,0.463,0.4479,Walking,Ligeris,1.0,4way,30.0,Speeding,64.0,5G,-82.0,-11.0,0.004794867430197,40.2784169922699,21.75236870114249,Normal
User_61,2025-02-20 20:48:08,0.289,0.375,Walking,Ligeris,0.0,4way,10.0,Reckless_Driving,53.0,WiFi,-83.0,-2.0,0.004674224864549,40.30619696716209,21.80754425403768,Normal
User_39,2025-02-23 06:07:47,0.314,0.2989,Swimming,Koila,0.0,2way,50.0,Reckless_Driving,76.0,WiFi,-83.0,-16.0,0.0033245855137813,40.32249935507884,21.79001901045835,Intentional
User_16,2025-02-25 06:32:08,0.609,0.1407,Driving,Ligeris,1.0,2way,30.0,Reckless_Driving,85.0,WiFi,-88.0,-16.0,0.0025511032063383,40.306785782266594,21.80720239251,Normal
User_26,2025-02-25 18:03:37,0.552,0.3767,Walking,Koila,1.0,1way,10.0,Driving_Under_Influence,27.0,5G,-99.0,-16.0,0.0030256963723732,40.32184400583338,21.793352414894017,Normal
User_55,2025-02-27 02:36:54,0.612,0.3483,Walking,Koila,1.0,5way,30.0,Reckless_Driving,53.0,WiFi,-88.0,0.0,0.0068101180561954,40.306236905873845,21.79199359226724,Intentional
User_58,2025-02-27 17:47:09,0.629,0.2353,Running,Zep,3.0,4way,60.0,Driving_Under_Influence,95.0,4G,-113.0,-17.0,0.0028677515010698,40.27866807011498,21.75262212288027,Unintentional
User_56,2025-03-01 14:16:53,0.42,0.1829,Running,Koila,1.0,2way,90.0,Reckless_Driving,49.0,3G,-82.0,-2.0,0.0031572841403925,40.306236905873845,21.79044239517104,Normal
User_34,2025-03-04 14:35:33,0.399,0.1632,Driving,Ligeris,0.0,2way,50.0,Speeding,98.0,3G,-119.0,14.0,0.002938286776912,41.461286,21.808511770449588,Normal
User_67,2025-03-05 04:01:47,0.491,0.4392,Running,Spinari,1.0,4way,40.0,Driving_Under_Influence,28.0,4G,-112.0,17.0,0.00577095763083285,40.30735605804895,21.80633666226406,Intentional
User_44,2025-03-05 19:00:23,0.677,0.2794,Running,Ligeris,0.0,1way,10.0,Driving_Under_Influence,57.0,Satellite,-86.0,-1.0,0.0059607775161238,40.30634152350503,21.807577336262675,Normal
User_83,2025-03-06 10:06:56,0.693,0.4606,Running,Zep,0.0,4way,60.0,Driving_Under_Influence,53.0,WiFi,-75.0,-1.0,0.0075204017692923,41.973082,21.752182043253505,Normal
User_22,2025-03-07 13:35:29,0.747,0.3242,Driving,Ligeris,0.0,1way,10.0,Driving_Under_Influence,64.0,3G,-114.0,4.0,0.0017637891132372,40.30623157753752,21.807351092901555,Normal
User_82,2025-03-07 15:09:43,0.437,0.431,Driving,Ligeris,0.0,2way,80.0,Reckless_Driving,71.0,WiFi,-70.0,6.0,0.0085913945269828,40.30680476680419,21.80664297586321,Normal
User_54,2025-03-07 16:33:54,0.286,0.5687,Driving,Koila,3.0,4way,50.0,Driving_Under_Influence,41.0,3G,-80.0,-3.0,0.0038634530624065,40.320610739715256,21.79069083078484,Normal
User_97,2025-03-08 16:55:00,0.75,0.2686,Running,Ligeris,2.0,1way,60.0,Reckless_Driving,38.0,4G,-107.0,-5.0,0.0058303081779934,40.30567810824805,21.808275265814608,Normal
User_58,2025-03-09 07:19:22,0.491,0.2543,Running,Koila,0.0,2way,60.0,Reckless_Driving,24.0,4G,-87.0,7.0,0.0024856851786936,40.32250142815583,21.791278245294947,Normal
User_67,2025-03-09 17:01:33,0.491,0.4472,Running,Ligeris,0.0,1way,40.0,Speeding,95.0,3G,-73.0,-3.0,0.0071405280634043,37.788425,21.807079791186155,Normal
User_72,2025-03-12 00:43:56,0.422,0.3409,Running,Koila,0.0,2way,60.0,Driving_Under_Influence,85.0,5G,-74.0,15.0,0.0036219710071449,40.32213545576145,21.789694729987065,Normal
User_58,2025-03-12 14:55:38,0.629,0.2613,Driving,Koila,3.0,1way,70.0,Reckless_Driving,65.0,5G,-94.0,5.0,0.0044966984106355,40.32231446526277,21.789803915916668,Normal
User_65,2025-03-14 10:07:13,0.704,0.1923,Driving,Zep,0.0,2way,70.0,Reckless_Driving,99.0,3G,-90.0,0.0,0.0025198223691902,40.27941118004915,21.753269970748494,Normal
User_95,2025-03-16 03:06:44,0.41,0.5481,Driving,Ligeris,3.0,2way,20.0,Reckless_Driving,32.0,4G,-70.0,-10.0,0.0055879726693807,40.30676272279453,21.80721947595828,Normal
User_16,2025-03-17 14:12:57,0.609,0.1807,Running,Zep,0.0,2way,40.0,Reckless_Driving,40.0,4G,-73.0,16.0,0.0089621250272832,40.28030118687105,21.75150948506249,Normal
User_37,2025-03-17 16:36:24,0.726,0.4918,Running,Ligeris,1.0,1way,80.0,Reckless_Driving,3.0,4G,-91.0,-9.0,0.0064107741804661,40.30760353056216,21.806211156748795,Normal
User_65,2025-03-17 17:46:56,0.704,0.5687,Walking,Koila,0.0,2way,50.0,Reckless_Driving,105.0,WiFi,-67.0,2.0,0.0088898584366938,40.3220747993669,21.792699794633894,Unintentional
User_37,2025-03-18 01:33:03,0.726,0.4928,Walking,Zep,1.0,2way,50.0,Reckless_Driving,24.0,4G,-85.0,21.0,0.0051089518952036,40.27849009305006,21.75328173449256,Unintentional
User_26,2025-03-18 11:39:18,0.552,0.4197,Driving,Ligeris,1.0,2way,20.0,Reckless_Driving,18.0,WiFi,-88.0,-5.0,0.003143910546972,40.32102421224023,21.790649508539143,Normal
User_08,2025-03-18 23:13:16,0.255,0.2174,Running,Zep,0.0,2way,50.0,Driving_Under_Influence,21.0,3G,-79.0,3.0,0.026,40.27916199906322,21.791278245294947,Unintentional
User_14,2025-03-19 12:30:25,0.278,0.4416,Running,Ligeris,0.0,2way,30.0,Speeding,53.0,4G,-113.0,0.0,0.0087901791510916,40.306975648539485,21.80792015644752,Normal
User_87,2025-03-19 18:15:32,0.548,0.3482,Driving,Zep,1.0,4way,160.0,Speeding,5.0,4G,-71.0,-16.0,0.0076299726889117,40.27892879119049,21.753397224481063,Intentional
User_16,2025-03-20 09:19:58,0.609,0.1867,Running,Spinari,1.0,2way,60.0,Speeding,17.0,WiFi,-50.0,7.0,0.0046079962776853,40.32268499144519,21.789508952342075,Intentional
User_74,2025-03-20 11:52:37,0.448,0.4017,Driving,Koila,0.0,1way,90.0,Reckless_Driving,69.0,3G,-81.0,16.0,0.0070454518212903,40.32209622376746,21.79130489561921,Normal
User_76,2025-03-20 12:38:56,0.634,0.5687,Running,Koila,3.0,4way,30.0,Speeding,119.0,5G,-90.0,2.0,0.0052961016475745,40.32129683283917,21.79104982619529,Unintentional
User_51,2025-03-21 10:09:29,0.433,0.4326,Running,Koila,0.0,4way,80.0,Speeding,59.0,3G,-80.0,-2.0,0.0083967453689878,40.32236028770533,19.387498,Normal
User_13,2025-03-21 16:02:58,0.47,0.3906,Driving,Zep,0.0,2way,60.0,Speeding,30.0,5G,-90.0,-12.0,0.0055779968260711,40.28000490057857,21.75273805279272,Normal
User_26,2025-03-21 17:38:23,0.552,0.4257,Driving,Koila,0.0,1way,100.0,Lane_Discards,46.0,WiFi,-87.0,-3.0,0.0090654036590044,40.32277322490155,21.79123273446152,Intentional
User_85,2025-03-22 05:48:42,0.377,0.3928,Driving,Zep,0.0,2way,50.0,Speeding,54.0,3G,-96.0,5.0,0.029,40.27848230579151,21.753502551972502,Unintentional
User_99,2025-03-24 05:33:26,0.618,0.2555,Driving,Ligeris,0.0,4way,40.0,Speeding,18.0,4G,-118.0,-13.0,0.0053958067130046,40.30612998567844,21.80718105260757,Normal
User_66,2025-03-27 14:57:55,0.474,0.5358,Running,Ligeris,2.0,2way,80.0,Reckless_Driving,63.0,3G,-91.0,0.0,0.0097107499326866,40.3072328045543,21.808000052092485,Normal
User_49,2025-03-28 02:09:04,0.303,0.1831,Driving,Zep,1.0,2way,40.0,Driving_Under_Influence,71.0,3G,-83.0,-5.0,0.0058693651616384,40.28044273203479,21.75154870442099,Normal
User_72,2025-03-28 10:43:13,0.422,0.3729,Walking,Ligeris,1.0,2way,10.0,Reckless_Driving,30.0,WiFi,-44.0,-13.0,0.00113501428173,40.30761026712072,21.807682530579765,Normal
User_100,2025-03-28 12:32:00,0.429,0.2442,Driving,Koila,0.0,2way,60.0,Reckless_Driving,71.0,WiFi,-71.0,13.0,0.0054690936096388,40.32051846438951,21.79054659565755,Normal
User_35,2025-03-28 21:58:21,0.297,0.476,Walking,Koila,1.0,4way,30.0,Reckless_Driving,53.0,WiFi,-88.0,-9.0,0.0054243626725694,40.32138131500396,21.790607846129145,Normal
User_99,2025-03-29 23:46:38,0.618,0.2665,Walking,Ligeris,1.0,1way,70.0,Driving_Under_Influence,13.0,4G,-71.0,14.0,0.0061600262979498,40.30573487058706,21.807101129399985,Normal
User_13,2025-03-30 04:45:00,0.47,0.4076,Running,Zep,0.0,1way,10.0,Speeding,21.0,5G,-97.0,0.0,0.0032452376162882,40.27977534867338,21.752443884782707,Normal
User_89,2025-03-31 13:40:37,0.704,0.5687,Walking,Koila,0.0,2way,40.0,Driving_Under_Influence,10.0,3G,-73.0,-5.0,0.0042411366372068,40.321251538951294,21.79164260526111,Normal
User_54,2025-04-01 15:11:42,0.286,0.457,Running,Ligeris,1.0,4way,50.0,Speeding,72.0,WiFi,-58.0,16.0,0.006534040847216,40.30688245839657,21.791278245294947,Normal
User_47,2025-04-01 20:20:09,0.504,0.2956,Driving,Ligeris,1.0,1way,80.0,Driving_Under_Influence,16.0,WiFi,-57.0,-16.0,0.0040919723532929,40.30567513773398,21.80606543150229,Normal
User_39,2025-04-01 22:32:19,0.314,0.3729,Driving,Ligeris,0.0,2way,40.0,Reckless_Driving,26.0,5G,-77.0,6.0,0.00577095763083285,40.30722743785135,21.80737112462297,Normal
User_74,2025-04-02 08:59:18,0.448,0.4277,Running,Koila,1.0,4way,10.0,Speeding,80.0,3G,-80.0,-8.0,0.00577095763083285,37.934723,21.79068243663873,Normal
User_14,2025-04-03 09:53:12,0.278,0.4726,Walking,Zep,1.0,5way,50.0,Speeding,51.0,4G,-94.0,-7.0,0.0025990678918804,40.28092303659404,21.753894089042586,Intentional
User_10,2025-04-04 06:10:39,0.611,0.3001,Driving,Zep,0.0,2way,50.0,Reckless_Driving,80.0,4G,-88.0,-5.0,0.038,40.28047969489902,21.753382712809145,Unintentional
User_87,2025-04-04 13:24:51,0.548,0.3802,Walking,Zep,4.0,4way,80.0,Driving_Under_Influence,89.0,WiFi,-69.0,-16.0,0.0074858021820318,40.28107613873604,21.752925754733976,Normal
User_47,2025-04-05 13:49:00,0.504,0.3026,Running,Ligeris,2.0,1way,40.0,Reckless_Driving,6.0,Satellite,-120.0,-8.0,0.0077253936505269,40.3062934821129,21.807575298770004,Normal
User_20,2025-04-06 09:29:45,0.471,0.5243,Walking,Ligeris,1.0,2way,30.0,Reckless_Driving,78.0,WiFi,-53.0,-1.0,0.0017041111262435,40.307839484940025,21.807462542312283,Normal
User_70,2025-04-07 06:58:06,0.694,0.33,Driving,Ligeris,1.0,2way,40.0,Speeding,53.0,3G,-92.0,0.0,0.0057783999681748,40.306261519503465,21.807383898681422,Normal
User_24,2025-04-09 09:22:53,0.558,0.2367,Walking,Koila,0.0,1way,80.0,Reckless_Driving,9.0,5G,-88.0,-13.0,0.0049109333746331,40.3218545676344,21.79157587949552,Normal
User_97,2025-04-09 13:36:02,0.75,0.3326,Driving,Zep,1.0,2way,40.0,Driving_Under_Influence,6.0,Ethernet,-70.0,-12.0,0.0087801553444717,40.28102029295443,21.753007069190797,Normal
User_38,2025-04-10 09:09:59,0.422,0.5287,Driving,Ligeris,1.0,5way,40.0,Speeding,48.0,WiFi,-72.0,9.0,0.0032782933287205,40.30726325845091,21.808120161056664,Intentional
User_42,2025-04-10 12:59:05,0.739,0.2596,Driving,Ligeris,0.0,4way,60.0,Speeding,10.0,3G,-85.0,-6.0,0.0013055741541806,40.32300450304546,21.79092832055888,Normal
User_64,2025-04-10 17:16:42,0.724,0.4134,Walking,Koila,2.0,1way,30.0,Driving_Under_Influence,3.0,Ethernet,-97.0,0.0,0.0024967883126399,40.32098250736816,21.7917951008921,Normal
User_16,2025-04-11 18:57:37,0.609,0.2307,Swimming,Zep,0.0,2way,30.0,Speeding,84.0,WiFi,-81.0,9.0,0.0068906908179252,37.649483,21.753606537664403,Intentional
User_02,2025-04-13 11:00:23,0.582,0.2313,Running,Koila,2.0,2way,10.0,Reckless_Driving,61.0,3G,-103.0,-13.0,0.0056865972324849,40.32266420560219,21.79186772008568,Normal
User_10,2025-04-14 13:12:36,0.611,0.3201,Walking,Ligeris,0.0,2way,30.0,Reckless_Driving,56.0,WiFi,-88.0,23.0,0.0011281208030463,40.306688464996256,21.80771267031325,Unintentional
User_19,2025-04-16 18:49:47,0.491,0.2952,Walking,Zep,0.0,1way,10.0,Reckless_Driving,53.0,3G,-82.0,3.0,0.036,40.28014423630691,21.7540352903632,Unintentional
User_99,2025-04-17 09:16:57,0.618,0.3045,Driving,Zep,0.0,1way,50.0,Harassing_Driver,2.0,5G,-88.0,-4.0,0.0041410210506896,40.279018894321375,21.75479666788009,Intentional
User_40,2025-04-19 04:28:56,0.693,0.2663,Driving,Zep,1.0,2way,40.0,Reckless_Driving,18.0,3G,-148.0,-3.0,0.0012193602783697,40.27930706336805,21.753460422033413,Unintentional
User_18,2025-04-19 20:19:58,0.386,0.2233,Driving,Ligeris,0.0,2way,60.0,Reckless_Driving,57.0,3G,-88.0,-1.0,0.0072169230676118,40.30712871966832,21.791278245294947,Normal
User_55,2025-04-19 23:04:48,0.612,0.4513,Walking,Ligeris,0.0,4way,30.0,Driving_Under_Influence,98.0,3G,-109.0,-3.0,0.027,40.3068808796771,21.80856151396581,Unintentional
User_45,2025-04-20 20:26:44,0.483,0.3607,Flying,Ligeris,1.0,2way,90.0,Speeding,27.0,3G,-75.0,3.0,0.0049375288531568,40.30537373970245,23.79582,Intentional
User_77,2025-04-20 23:44:26,0.312,0.6199,Running,Koila,0.0,2way,80.0,Speeding,69.0,WiFi,-83.0,-12.0,0.0037343553031876,40.32214397057823,21.7892322937032,Normal
User_30,2025-04-24 01:01:35,0.529,0.5414,Driving,Zep,1.0,2way,20.0,Driving_Under_Influence,23.0,4G,-83.0,3.0,0.0067895700665435,40.28009690861786,21.75372286579391,Normal
User_41,2025-04-25 05:56:10,0.4,0.2458,Running,Ligeris,0.0,2way,30.0,Speeding,30.0,3G,-44.0,7.0,0.0056494272445905,40.30618214045823,21.80705561806957,Normal
User_66,2025-04-27 16:23:27,0.474,0.5988,Driving,Zep,0.0,1way,70.0,Speeding,51.0,3G,-136.0,-10.0,0.0055898797938813,40.27953503337301,21.75329760275687,Unintentional
User_45,2025-04-28 14:07:28,0.483,0.3757,Swimming,Ligeris,0.0,4way,10.0,Speeding,84.0,3G,-73.0,-2.0,0.0075449094736155,40.30710851437228,21.80856685780322,Intentional
User_07,2025-04-29 00:58:39,0.548,0.3803,Running,Zep,0.0,1way,50.0,Speeding,37.0,3G,-102.0,0.0,0.0027857111094128,40.27911021189032,21.752624700000787,Normal
User_40,2025-04-29 06:59:10,0.693,0.2863,Walking,Ligeris,1.0,1way,60.0,Speeding,99.0,5G,-93.0,-6.0,0.0017630371721719,40.30564525984197,21.80749611851561,Normal
User_40,2025-04-29 07:20:59,0.693,0.2873,Walking,Koila,1.0,2way,40.0,Speeding,89.0,3G,-88.0,9.0,0.031,40.32252659189901,21.791751668621032,Unintentional
User_24,2025-04-29 18:38:55,0.491,0.2777,Walking,Koila,1.0,1way,40.0,Speeding,3.0,3G,-83.0,3.0,0.0092072490963514,40.32258715815522,21.791144098969223,Normal
User_20,2025-04-29 19:03:10,0.471,0.5703,Running,Ligeris,0.0,4way,60.0,Reckless_Driving,120.0,WiFi,-63.0,12.0,0.0062747982516628,40.30628087280555,21.80719882094752,Unintentional
User_52,2025-04-30 20:48:22,0.721,0.6131,Running,Zep,1.0,2way,30.0,Driving_Under_Influence,20.0,WiFi,-56.0,-14.0,0.0092792711187286,40.28070310252668,21.75374957000045,Normal
User_28,2025-05-01 01:34:24,0.483,0.4849,Driving,Ligeris,1.0,2way,70.0,Speeding,40.0,WiFi,-58.0,13.0,0.00577095763083285,41.900683,21.80605368408756,Normal
User_46,2025-05-02 15:52:45,0.409,0.5939,Driving,Zep,1.0,2way,80.0,Speeding,100.0,4G,-95.0,4.0,0.0038743686299663,40.27975149809734,21.753260322876145,Normal
User_27,2025-05-03 04:09:35,0.705,0.3851,Walking,Koila,0.0,2way,50.0,Reckless_Driving,91.0,3G,-108.0,-2.0,0.0063883165426587,40.3214368246324,21.79013540434143,Normal
User_84,2025-05-03 06:51:36,0.486,0.376,Driving,Zep,0.0,2way,40.0,Reckless_Driving,99.0,4G,-100.0,-13.0,0.0014839492245458,40.27892293828352,21.751418537403374,Normal
User_83,2025-05-03 20:35:20,0.693,0.5766,Driving,Zep,0.0,2way,60.0,Speeding,37.0,5G,-88.0,10.0,0.0010725358574198,40.27889705277329,21.752105676922262,Normal
User_10,2025-05-05 03:56:39,0.611,0.3621,Walking,Ligeris,1.0,2way,40.0,Speeding,56.0,3G,-74.0,6.0,0.0020248227032489,40.30615129344003,21.807460078141027,Normal
User_80,2025-05-07 23:05:35,0.491,0.61,Walking,Zep,0.0,2way,40.0,Driving_Under_Influence,1.0,3G,-106.0,12.0,0.0025202314887513,40.27824916544663,21.75328138667576,Normal
User_97,2025-05-08 06:18:39,0.75,0.3906,Driving,Ligeris,1.0,1way,60.0,Reckless_Driving,5.0,3G,-93.0,15.0,0.0026838297705278,40.305942346220405,21.807400509339622,Normal
User_45,2025-05-08 07:44:14,0.483,0.3967,Running,Koila,0.0,5way,40.0,Reckless_Driving,62.0,WiFi,-57.0,2.0,0.0036625331942582,40.32231949037771,21.791562271501817,Intentional
User_24,2025-05-10 08:05:27,0.558,0.2987,Walking,Koila,8.0,4way,80.0,Reckless_Driving,111.0,3G,-80.0,-6.0,0.0041277074619595,40.32227825470496,21.791476569817306,Intentional
User_69,2025-05-11 00:14:16,0.692,0.5307,Running,Ligeris,2.0,1way,60.0,Driving_Under_Influence,58.0,4G,-116.0,-8.0,0.0055768463911366,40.30637208109481,21.80793662005586,Normal
User_63,2025-05-11 17:27:16,0.579,0.5687,Running,Koila,3.0,4way,50.0,Speeding,91.0,Ethernet,-91.0,5.0,0.0044881050119557,40.32091615761616,21.792441551712844,Normal
User_81,2025-05-11 23:03:41,0.7,0.3279,Walking,Ligeris,5.0,1way,60.0,Speeding,97.0,5G,-74.0,-3.0,0.00577095763083285,40.30611638856633,21.807633471230616,Normal
User_96,2025-05-12 03:31:35,0.347,0.5026,Driving,Koila,0.0,1way,80.0,Reckless_Driving,56.0,5G,-141.0,12.0,0.0087203864430931,40.322143120988585,21.790358643852667,Unintentional
User_01,2025-05-13 13:03:04,0.522,0.3843,Walking,Koila,0.0,4way,10.0,Reckless_Driving,21.0,4G,-110.0,12.0,0.0049563743487416,40.306236905873845,19.425652,Normal
User_15,2025-05-14 16:48:02,0.256,0.6091,Driving,Zep,0.0,4way,30.0,Speeding,78.0,WiFi,-56.0,10.0,0.0069192059816221,40.279648006645566,18.688552,Normal
User_96,2025-05-14 22:03:14,0.347,0.5076,Driving,Koila,0.0,5way,10.0,Speeding,93.0,4G,-107.0,0.0,0.0074489569017872,40.32263764710311,21.791278245294947,Intentional
User_67,2025-05-15 12:54:16,0.458,0.5822,Flying,Ligeris,1.0,1way,40.0,Speeding,11.0,3G,-88.0,8.0,0.00577095763083285,40.30607559542324,21.807256231946777,Intentional
User_66,2025-05-15 12:54:17,0.474,0.6348,Driving,Spinari,1.0,2way,80.0,Driving_Under_Influence,13.0,4G,-75.0,0.0,0.0076623744750391,40.307895292669855,21.807751343465977,Intentional
User_100,2025-05-16 01:28:17,0.429,0.3422,Running,Spinari,1.0,4way,20.0,Speeding,92.0,4G,-119.0,-8.0,0.0040841023535769,40.3227728168084,21.79141548711153,Intentional
User_42,2025-05-16 03:56:32,0.739,0.5687,Walking,Ligeris,1.0,1way,30.0,Driving_Under_Influence,48.0,3G,-88.0,-9.0,0.0081163442583764,40.30611523366461,21.80847526378657,Normal
User_98,2025-05-16 13:43:51,0.502,0.671,Driving,Ligeris,0.0,4way,30.0,Reckless_Driving,35.0,3G,-80.0,14.0,0.0027214672921287,40.30558526724786,17.370979,Normal
User_70,2025-05-18 01:59:27,0.694,0.412,Running,Ligeris,1.0,1way,30.0,Driving_Under_Influence,34.0,3G,-113.0,11.0,0.0046904241180666,42.332552,21.807450723261866,Normal
User_74,2025-05-18 17:04:42,0.448,0.5187,Driving,Koila,1.0,2way,70.0,Reckless_Driving,25.0,3G,-125.0,-11.0,0.004630118365416,40.32219682839665,21.791288533128338,Unintentional
User_56,2025-05-19 01:30:39,0.42,0.3399,Driving,Ligeris,4.0,4way,20.0,Driving_Under_Influence,111.0,5G,-114.0,-2.0,0.0079480705849744,40.30507831522745,21.80879388565297,Unintentional
User_36,2025-05-19 06:29:11,0.491,0.3333,Driving,Koila,1.0,2way,20.0,Reckless_Driving,69.0,5G,-84.0,11.0,0.0096084265523973,40.32208540861298,21.791349392217008,Normal
User_66,2025-05-19 17:45:50,0.474,0.6428,Walking,Koila,0.0,2way,30.0,Reckless_Driving,15.0,5G,-90.0,-10.0,0.0012345788964263,40.32191883584088,21.7919149810481,Normal
User_36,2025-05-20 04:46:19,0.677,0.3343,Driving,Ligeris,4.0,1way,50.0,Reckless_Driving,1.0,4G,-120.0,-14.0,0.0056314775058359,40.306236905873845,19.489778,Normal
User_88,2025-05-20 11:46:17,0.28,0.5771,Walking,Zep,0.0,2way,40.0,Speeding,29.0,4G,-88.0,-11.0,0.0092170097635786,40.28084625050933,21.753079828341484,Normal
User_78,2025-05-20 22:06:42,0.553,0.2854,Driving,Ligeris,0.0,2way,120.0,Speeding,25.0,3G,-93.0,13.0,0.00577095763083285,40.30750822103607,21.80669838953425,Normal
User_97,2025-05-22 13:46:51,0.75,0.4176,Driving,Zep,1.0,1way,30.0,Driving_Under_Influence,40.0,3G,-44.0,-14.0,0.0039300742761938,40.28015919391017,21.75376277585914,Normal
User_78,2025-05-23 04:08:10,0.491,0.2904,Driving,Ligeris,1.0,1way,30.0,Reckless_Driving,51.0,4G,-107.0,2.0,0.00577095763083285,40.32232627078288,21.791269721850945,Normal
User_42,2025-05-23 15:25:07,0.739,0.3446,Driving,Zep,2.0,1way,50.0,Speeding,96.0,5G,-88.0,-9.0,0.0035954262496465,40.27886512367453,21.75254502131442,Normal
User_42,2025-05-23 21:04:04,0.739,0.3456,Walking,Koila,0.0,2way,80.0,Driving_Under_Influence,14.0,WiFi,-55.0,8.0,0.0095805803661469,40.32120618363951,21.791587317506117,Normal
User_48,2025-05-25 18:39:47,0.493,0.4236,Running,Ligeris,1.0,2way,60.0,Speeding,46.0,5G,-118.0,2.0,0.02,40.280170049087296,21.75356387555872,Normal
User_76,2025-05-26 03:50:38,0.634,0.6909,Driving,Koila,2.0,4way,60.0,Speeding,68.0,5G,-115.0,-1.0,0.008927048702806,40.32243764183815,21.790759386934663,Normal
User_52,2025-05-26 04:50:08,0.721,0.6661,Running,Ligeris,0.0,2way,80.0,Speeding,7.0,WiFi,-50.0,-1.0,0.047,40.30538748675772,21.80794688497535,Unintentional
User_31,2025-05-26 04:59:45,0.579,0.3456,Driving,Zep,0.0,4way,10.0,Reckless_Driving,50.0,4G,-99.0,-15.0,0.0014380211414894,40.27973414388451,21.751396324955397,Normal
User_84,2025-05-28 03:29:22,0.491,0.425,Running,Ligeris,0.0,2way,80.0,Reckless_Driving,89.0,WiFi,-88.0,0.0,0.002336194983452,40.30759541081077,21.80685691160708,Normal
User_89,2025-05-28 03:50:53,0.704,0.6615,Running,Zep,1.0,2way,70.0,Driving_Under_Influence,14.0,3G,-77.0,-7.0,0.0088254807756849,40.27952364432004,21.753296662111055,Normal
User_49,2025-05-29 08:10:54,0.303,0.3071,Walking,Zep,1.0,4way,10.0,Speeding,62.0,3G,-83.0,1.0,0.00577095763083285,41.120111,21.753165176470453,Normal
User_51,2025-05-29 12:08:54,0.433,0.5696,Walking,Zep,0.0,2way,60.0,Speeding,10.0,5G,-106.0,-16.0,0.0096550239776303,38.776384,21.75313916820338,Normal
User_14,2025-05-29 19:25:39,0.278,0.5836,Running,Zep,1.0,2way,50.0,Driving_Under_Influence,32.0,5G,-91.0,3.0,0.0088717525705854,40.27948645381201,21.75105232676911,Normal
User_23,2025-05-30 22:51:26,0.728,0.4041,Running,Zep,0.0,2way,50.0,Speeding,8.0,5G,-85.0,-2.0,0.0046129501289491,40.27950869997397,21.754210788487747,Normal
User_01,2025-05-31 09:14:44,0.522,0.4193,Walking,Koila,3.0,2way,80.0,Reckless_Driving,11.0,3G,-65.0,-15.0,0.003894039136794,37.278626,21.78979688272861,Normal
User_11,2025-05-31 23:36:13,0.659,0.4303,Walking,Ligeris,0.0,4way,80.0,Reckless_Driving,116.0,4G,-96.0,6.0,0.0036912997841947,40.30548579407511,21.806972259325896,Unintentional
User_09,2025-06-01 21:52:54,0.314,0.6224,Driving,Zep,1.0,4way,20.0,Speeding,30.0,4G,-88.0,-4.0,0.0082690419915911,40.27886757464166,21.75432882600297,Normal
User_26,2025-06-01 22:12:02,0.552,0.5697,Walking,Zep,0.0,4way,70.0,Illegal_Parking,77.0,4G,-113.0,14.0,0.0027835657845132,40.27910984871399,21.75530807435388,Intentional
User_48,2025-06-02 08:58:34,0.493,0.4386,Walking,Zep,0.0,2way,20.0,Reckless_Driving,7.0,4G,-78.0,-3.0,0.0062917288662001,40.27843865308868,21.753327032411267,Normal
User_55,2025-06-02 12:25:32,0.612,0.5383,Running,Ligeris,0.0,5way,90.0,Reckless_Driving,23.0,4G,-81.0,-7.0,0.0018212738636204,40.30603989041607,21.807187476655766,Intentional
User_45,2025-06-02 18:45:14,0.483,0.4457,Driving,Koila,1.0,4way,30.0,Speeding,94.0,5G,-115.0,9.0,0.0077359588987015,40.32275617645345,21.791578664674617,Normal
User_85,2025-06-03 07:23:30,0.377,0.5388,Driving,Zep,2.0,4way,70.0,Driving_Under_Influence,7.0,5G,-118.0,-7.0,0.0087669085358083,40.279316431578586,21.75342177737549,Normal
User_90,2025-06-03 07:49:04,0.742,0.4506,Running,Zep,6.0,1way,90.0,Reckless_Driving,77.0,5G,-74.0,-9.0,0.0016718340909916,40.279111449643295,21.754094397091784,Intentional
User_65,2025-06-03 08:24:54,0.704,0.3543,Running,Ligeris,0.0,4way,40.0,Reckless_Driving,32.0,4G,-99.0,3.0,0.0077155615768753,40.3080127913747,21.807512685048277,Normal
User_73,2025-06-03 12:56:58,0.598,0.5496,Driving,Ligeris,0.0,1way,20.0,Driving_Under_Influence,12.0,Ethernet,-111.0,3.0,0.0066813838740269,40.30665465944485,21.80559656167736,Normal
User_19,2025-06-03 13:50:44,0.491,0.5687,Walking,Ligeris,0.0,2way,50.0,Reckless_Driving,70.0,3G,-119.0,-16.0,0.0074677246383574,40.30648408882452,21.807745630047027,Normal
User_100,2025-06-03 19:57:07,0.429,0.3792,Walking,Ligeris,1.0,1way,70.0,Speeding,81.0,4G,-88.0,14.0,0.0084630321157059,40.30555084916877,21.80742385632481,Normal
User_81,2025-06-05 16:22:03,0.7,0.3779,Swimming,Ligeris,0.0,1way,50.0,Speeding,43.0,4G,-117.0,7.0,0.0037155548754284,40.30570700128844,21.80822007202182,Intentional
User_24,2025-06-08 09:57:07,0.558,0.3567,Walking,Koila,1.0,2way,60.0,Speeding,53.0,4G,-80.0,-13.0,0.0063629457733695,40.32205067398507,21.790245162908377,Normal
User_06,2025-06-08 21:20:38,0.267,0.5907,Driving,Ligeris,9.0,2way,70.0,Driving_Under_Influence,4.0,4G,-120.0,-8.0,0.0079792058657555,40.306236905873845,21.807267760532387,Intentional
User_19,2025-06-08 22:25:51,0.491,0.5687,Driving,Koila,1.0,2way,20.0,Speeding,51.0,5G,-81.0,13.0,0.0027533354616989,40.32203782303,21.789888564091644,Normal
User_91,2025-06-09 12:43:22,0.699,0.7157,Walking,Koila,0.0,4way,30.0,Driving_Under_Influence,31.0,WiFi,-63.0,-8.0,0.0042874982054317,40.322058607530415,21.79139612536603,Normal
User_81,2025-06-10 04:24:35,0.7,0.3869,Running,Zep,0.0,2way,50.0,Driving_Under_Influence,51.0,3G,-87.0,4.0,0.0023955158735428,40.2795324683198,21.753327711870977,Normal
User_29,2025-06-10 13:25:15,0.453,0.7008,Driving,Zep,0.0,2way,20.0,Speeding,107.0,WiFi,-75.0,-3.0,0.0037220033265507,40.27964221343522,21.754109545728564,Unintentional
User_55,2025-06-10 14:56:53,0.612,0.5553,Running,Ligeris,1.0,4way,30.0,Reckless_Driving,4.0,3G,-90.0,-3.0,0.0062544594100655,40.30496423468001,21.80807868441361,Normal
User_26,2025-06-11 13:08:48,0.552,0.5887,Running,Ligeris,1.0,2way,50.0,Driving_Under_Influence,26.0,3G,-119.0,-2.0,0.0017346222255434,40.27979813843263,21.75304268670329,Normal
User_30,2025-06-12 04:02:42,0.529,0.6394,Walking,Koila,0.0,2way,40.0,Driving_Under_Influence,10.0,4G,-73.0,19.0,0.0017042033680298,40.32130720821091,21.78981179717418,Unintentional
User_79,2025-06-13 00:24:46,0.305,0.6,Driving,Zep,0.0,4way,20.0,Driving_Under_Influence,110.0,3G,-88.0,-8.0,0.0030754774999507,40.27958583641666,21.75120300951072,Unintentional
User_11,2025-06-13 20:51:00,0.491,0.5687,Driving,Zep,0.0,2way,10.0,Speeding,40.0,5G,-106.0,2.0,0.0071912760353825,40.28100103773329,21.752633596067422,Normal
User_61,2025-06-14 10:21:19,0.289,0.602,Walking,Ligeris,0.0,2way,80.0,Speeding,49.0,4G,-113.0,18.0,0.0069619600704125,40.322817728342045,21.79062977116403,Unintentional
User_39,2025-06-14 10:59:38,0.314,0.5199,Running,Koila,2.0,1way,80.0,Reckless_Driving,30.0,WiFi,-87.0,-10.0,0.0093856973027228,40.32299058147285,21.791278245294947,Normal
User_96,2025-06-14 12:07:50,0.347,0.5696,Walking,Zep,0.0,2way,10.0,Reckless_Driving,38.0,3G,-90.0,-11.0,0.0068981794490987,40.278208270999166,21.75286950062116,Normal
User_42,2025-06-14 18:30:59,0.739,0.3886,Running,Koila,4.0,1way,50.0,Reckless_Driving,97.0,4G,-98.0,3.0,0.0026774704409804,40.32190823568039,21.79007480916738,Normal
User_13,2025-06-14 19:14:57,0.47,0.5606,Driving,Zep,1.0,1way,40.0,Speeding,109.0,4G,-74.0,11.0,0.004422063914415,40.27947700251164,21.753096212610004,Unintentional
User_81,2025-06-15 19:58:24,0.7,0.3979,Driving,Ligeris,1.0,4way,30.0,Driving_Under_Influence,35.0,3G,-81.0,-1.0,0.0057832985843538,40.305971512601545,21.807337990016563,Normal
User_60,2025-06-16 05:03:53,0.361,0.7004,Running,Koila,1.0,1way,160.0,Driving_Under_Influence,53.0,WiFi,-66.0,3.0,0.0050418748779519,40.32167290542483,21.793058734561548,Intentional
User_43,2025-06-16 06:27:51,0.499,0.3995,Driving,Ligeris,4.0,2way,80.0,Illegal_Parking,94.0,5G,-88.0,16.0,0.0051506524588962,40.3077914190077,21.807944466524887,Intentional
User_62,2025-06-18 02:00:06,0.608,0.5462,Driving,Ligeris,4.0,2way,10.0,Speeding,29.0,4G,-79.0,-13.0,0.0055629398296687,40.30499789071288,21.80701865199156,Normal
User_35,2025-06-18 06:39:48,0.297,0.639,Walking,Zep,3.0,4way,150.0,Speeding,109.0,5G,-106.0,5.0,0.002839311070334,40.27960057772002,21.75255850264843,Intentional
User_14,2025-06-18 11:49:00,0.278,0.6236,Running,Ligeris,1.0,4way,40.0,Driving_Under_Influence,116.0,WiFi,-60.0,-3.0,0.0079343012645959,40.30796808269924,21.80729961850868,Unintentional
User_63,2025-06-19 00:23:21,0.579,0.4491,Driving,Koila,0.0,1way,20.0,Reckless_Driving,47.0,4G,-88.0,-7.0,0.00577095763083285,40.3238214526908,21.791631287997298,Normal
User_56,2025-06-19 09:24:41,0.42,0.4029,Running,Koila,0.0,2way,150.0,Reckless_Driving,85.0,5G,-142.0,-11.0,0.0057575953973095,40.32257433874199,21.79241631657255,Intentional
User_65,2025-06-19 23:00:17,0.704,0.3873,Walking,Koila,1.0,2way,30.0,Reckless_Driving,97.0,WiFi,-76.0,5.0,0.0035586446647269,40.322374543893446,21.79122922586477,Normal
User_04,2025-06-20 05:36:34,0.383,0.7097,Driving,Ligeris,1.0,1way,80.0,Driving_Under_Influence,42.0,4G,-116.0,0.0,0.0051283172258413,40.27951517480468,21.753285273283996,Normal
User_49,2025-06-21 10:03:45,0.303,0.3541,Driving,Zep,0.0,1way,60.0,Driving_Under_Influence,62.0,WiFi,-77.0,-15.0,0.0012323572547589,40.306236905873845,21.752160541630065,Normal
User_93,2025-06-21 10:24:23,0.583,0.6366,Driving,Koila,0.0,2way,10.0,Reckless_Driving,104.0,3G,-91.0,4.0,0.00577095763083285,40.32314163627601,21.79191797647739,Unintentional
User_49,2025-06-22 16:54:07,0.303,0.3561,Running,Koila,3.0,2way,50.0,Reckless_Driving,45.0,5G,-150.0,9.0,0.0096010231401582,40.322267358443895,21.792037498267156,Unintentional
User_30,2025-06-23 09:51:56,0.529,0.6614,Running,Zep,1.0,2way,30.0,Speeding,17.0,4G,-160.0,-3.0,0.00577095763083285,40.27814758499174,21.752789353816404,Unintentional
User_79,2025-06-23 21:19:07,0.305,0.5687,Walking,Zep,0.0,2way,60.0,Reckless_Driving,77.0,4G,-87.0,3.0,0.0073532572107875,40.280151433309406,21.7525672853246,Normal
User_30,2025-06-24 13:59:59,0.529,0.6634,Running,Ligeris,0.0,2way,90.0,Driving_Under_Influence,23.0,WiFi,-80.0,-3.0,0.0072153796261229,40.30539158215312,21.808915991650107,Normal
User_54,2025-06-24 14:13:40,0.286,0.625,Driving,Zep,0.0,6way,30.0,Driving_Under_Influence,70.0,3G,-70.0,13.0,0.0053704780308813,40.27977437289193,21.752513252774417,Intentional
User_65,2025-06-25 19:17:00,0.704,0.3993,Driving,Koila,0.0,1way,90.0,Reckless_Driving,22.0,3G,-90.0,14.0,0.0010987575880795,40.32155745949092,21.78935923633336,Normal
User_56,2025-06-26 02:59:55,0.42,0.4169,Walking,Ligeris,1.0,2way,80.0,Speeding,107.0,4G,-115.0,0.0,0.007057672091476,40.306236905873845,21.80590689297516,Unintentional
User_80,2025-06-26 03:26:58,0.283,0.709,Driving,Zep,4.0,4way,40.0,Driving_Under_Influence,50.0,5G,-111.0,-8.0,0.00577095763083285,40.2785491336093,21.754304603207,Normal
User_100,2025-06-27 01:56:02,0.429,0.4262,Walking,Zep,0.0,2way,30.0,Reckless_Driving,74.0,3G,-93.0,-7.0,0.002240971758868,40.27963285411703,21.75352744188424,Normal
User_71,2025-06-27 13:54:50,0.466,0.6665,Driving,Zep,0.0,1way,60.0,Harassing_Driver,90.0,5G,-107.0,6.0,0.0061273760469906,40.27915401240187,21.791278245294947,Intentional
User_29,2025-06-27 13:56:48,0.453,0.7338,Driving,Koila,0.0,2way,110.0,Speeding,28.0,3G,-115.0,14.0,0.0088902875713014,40.322147104403534,21.78974860575905,Normal
User_42,2025-06-29 20:24:01,0.739,0.5687,Walking,Zep,1.0,2way,20.0,Reckless_Driving,36.0,WiFi,-55.0,-5.0,0.0022172274216877,40.27954729405795,21.75324708622005,Normal
User_09,2025-06-30 06:46:10,0.314,0.6804,Walking,Koila,4.0,4way,80.0,Reckless_Driving,49.0,5G,-85.0,-10.0,0.0060156672123428,40.32206170685323,21.7911294457238,Normal
User_14,2025-07-01 14:05:28,0.278,0.6506,Running,Zep,1.0,2way,140.0,Driving_Under_Influence,37.0,3G,-98.0,-3.0,0.0027560903602196,40.28038704285037,23.682023,Intentional
User_39,2025-07-01 20:32:15,0.314,0.5549,Running,Ligeris,2.0,2way,40.0,Driving_Under_Influence,30.0,5G,-107.0,-25.0,0.0097751311622744,40.30684518158655,21.80673875477014,Unintentional
User_58,2025-07-01 20:57:54,0.629,0.4823,Flying,Ligeris,1.0,1way,90.0,Speeding,18.0,5G,-89.0,10.0,0.0068124595505168,40.27909328131456,21.75235044642653,Intentional
User_37,2025-07-02 06:02:14,0.726,0.7058,Running,Ligeris,1.0,2way,30.0,Driving_Under_Influence,78.0,Ethernet,-120.0,16.0,0.0048133609194521,40.306236905873845,21.80764829401871,Normal
User_58,2025-07-02 17:58:56,0.629,0.4853,Walking,Zep,0.0,1way,80.0,Reckless_Driving,53.0,5G,-110.0,1.0,0.0088042240861983,40.28084492412448,21.752502052838327,Normal
User_59,2025-07-02 20:23:23,0.631,0.484,Driving,Zep,1.0,2way,60.0,Illegal_Parking,4.0,5G,-155.0,-6.0,0.0084669389072862,40.279721025515606,21.753253016585816,Intentional
User_38,2025-07-03 11:00:35,0.422,0.6967,Walking,Ligeris,1.0,2way,20.0,Reckless_Driving,91.0,4G,-138.0,16.0,0.0023729251175089,40.30488100341944,21.80791594795168,Unintentional
User_77,2025-07-04 20:31:41,0.312,0.7699,Driving,Koila,0.0,4way,30.0,Reckless_Driving,5.0,3G,-98.0,1.0,0.0055991975844379,40.32243931674319,21.790790539053823,Normal
User_78,2025-07-05 08:50:52,0.553,0.3774,Driving,Koila,0.0,2way,70.0,Driving_Under_Influence,83.0,5G,-88.0,14.0,0.0049928125977978,40.3204361674401,21.79120422255821,Normal
User_52,2025-07-05 10:41:38,0.721,0.7461,Running,Ligeris,2.0,2way,30.0,Speeding,38.0,5G,-86.0,4.0,0.0013653096932483,40.30758771566374,21.8069448135298,Normal
User_40,2025-07-06 09:11:14,0.693,0.4233,Walking,Spinari,0.0,2way,80.0,Reckless_Driving,4.0,3G,-106.0,-10.0,0.007566812631561,40.32257998225613,21.791736083391925,Intentional
User_19,2025-07-07 07:30:12,0.491,0.5687,Walking,Koila,0.0,2way,20.0,Reckless_Driving,92.0,5G,-71.0,2.0,0.0022187696644105,40.32225642581655,21.791737747118543,Normal
User_17,2025-07-07 13:25:03,0.572,0.7015,Running,Zep,1.0,1way,30.0,Reckless_Driving,86.0,WiFi,-69.0,-14.0,0.0093049210456553,37.499573,21.753241319184163,Normal
User_34,2025-07-07 13:33:32,0.399,0.5687,Walking,Koila,0.0,1way,30.0,Speeding,75.0,5G,-88.0,-1.0,0.0071783511501606,40.32085460824688,21.791668870075824,Normal
User_89,2025-07-08 01:04:32,0.704,0.7435,Driving,Zep,0.0,1way,50.0,Reckless_Driving,103.0,3G,-106.0,-1.0,0.0037026747960848,40.27956255306608,21.75296691156402,Unintentional
User_11,2025-07-08 14:59:37,0.659,0.5063,Walking,Zep,0.0,2way,10.0,Speeding,1.0,3G,-88.0,3.0,0.0075776707631573,40.27953757761132,21.753262365699285,Normal
User_97,2025-07-08 15:46:52,0.75,0.5126,Running,Zep,0.0,2way,70.0,Speeding,90.0,WiFi,-53.0,1.0,0.0036902521806764,40.28010681200075,21.75296653855181,Normal
User_99,2025-07-08 18:14:27,0.618,0.4685,Walking,Koila,1.0,2way,50.0,Driving_Under_Influence,64.0,4G,-104.0,-11.0,0.0041892162819309,40.32212031602393,21.791278245294947,Normal
User_48,2025-07-08 18:56:38,0.493,0.5116,Running,Zep,0.0,2way,30.0,Reckless_Driving,33.0,3G,-93.0,0.0,0.0036738432540155,40.27955509632225,21.753355956134065,Normal
User_22,2025-07-09 17:07:01,0.747,0.5732,Walking,Ligeris,1.0,2way,20.0,Reckless_Driving,94.0,3G,-88.0,15.0,0.0012058719105393,40.306178011510895,21.808044947196336,Normal
User_11,2025-07-09 22:57:47,0.659,0.5083,Running,Ligeris,1.0,4way,40.0,Reckless_Driving,56.0,5G,-82.0,25.0,0.005763365945051,40.28038532878248,21.752016153924103,Unintentional
User_57,2025-07-10 08:11:41,0.735,0.7283,Driving,Zep,2.0,4way,40.0,Speeding,31.0,WiFi,-69.0,-11.0,0.0064719506284265,40.306236905873845,21.75310379497963,Normal
User_58,2025-07-10 16:36:48,0.629,0.5013,Walking,Ligeris,1.0,2way,40.0,Reckless_Driving,46.0,WiFi,-77.0,11.0,0.0088641026386792,40.305410326494304,21.80801854767098,Normal
User_59,2025-07-11 10:47:01,0.631,0.502,Running,Zep,0.0,2way,40.0,Driving_Under_Influence,30.0,5G,-84.0,14.0,0.0089760828523533,42.158082,21.751707896566742,Normal
User_67,2025-07-12 23:25:54,0.458,0.6982,Walking,Koila,4.0,2way,60.0,Reckless_Driving,4.0,4G,-101.0,-5.0,0.0048952830541741,40.3220832373868,21.79122932584061,Normal
User_27,2025-07-14 03:41:10,0.705,0.5291,Running,Koila,0.0,4way,60.0,Driving_Under_Influence,77.0,WiFi,-64.0,9.0,0.0071838778027064,40.32233856461745,21.791347346169506,Normal
User_40,2025-07-14 04:12:38,0.693,0.4383,Driving,Koila,0.0,2way,30.0,Reckless_Driving,39.0,5G,-88.0,0.0,0.038,40.32048820999702,21.790242764725846,Unintentional
User_24,2025-07-14 06:01:53,0.558,0.4287,Walking,Zep,1.0,4way,90.0,Speeding,99.0,Ethernet,-81.0,-11.0,0.0038678156131917,40.27842678235465,21.75348887120536,Normal
User_93,2025-07-14 06:22:47,0.583,0.6826,Driving,Zep,1.0,4way,70.0,Driving_Under_Influence,33.0,5G,-43.0,-10.0,0.0090353458852056,40.278773613753934,21.75350074552855,Normal
User_18,2025-07-14 14:43:34,0.386,0.3953,Walking,Koila,0.0,1way,80.0,Reckless_Driving,119.0,4G,-116.0,16.0,0.0097704356500109,40.3213326679711,21.79237120315856,Unintentional
User_61,2025-07-14 17:58:12,0.289,0.663,Driving,Koila,2.0,2way,40.0,Reckless_Driving,13.0,3G,-117.0,5.0,0.0075880388031616,40.322435495329785,21.790789529336312,Normal
User_37,2025-07-15 03:04:35,0.726,0.7318,Running,Koila,6.0,1way,50.0,Speeding,94.0,WiFi,-86.0,-10.0,0.0040727811982479,40.32252445796244,21.792332132198347,Intentional
User_29,2025-07-15 18:26:08,0.453,0.7698,Driving,Koila,1.0,2way,50.0,Speeding,43.0,WiFi,-86.0,6.0,0.0031615436521059,40.322628165683575,21.791082276724406,Normal
User_97,2025-07-15 18:35:31,0.75,0.5266,Walking,Ligeris,1.0,1way,40.0,Reckless_Driving,92.0,WiFi,-61.0,0.0,0.0053469713780541,40.30654632533163,21.80531741035024,Normal
User_30,2025-07-16 05:06:48,0.529,0.7074,Walking,Ligeris,0.0,2way,70.0,Driving_Under_Influence,53.0,4G,-89.0,-4.0,0.0099700975607386,40.30532052168988,21.80658897338732,Normal
User_27,2025-07-17 18:42:50,0.705,0.5351,Running,Zep,1.0,2way,90.0,Illegal_Parking,5.0,WiFi,-59.0,8.0,0.0087610845484747,40.2797834042664,21.75356949857688,Intentional
User_96,2025-07-18 04:38:12,0.347,0.6366,Walking,Koila,0.0,4way,20.0,Driving_Under_Influence,13.0,Satellite,-92.0,-6.0,0.004751499494207,40.306236905873845,21.791278245294947,Normal
User_18,2025-07-18 23:47:03,0.386,0.4033,Driving,Zep,4.0,2way,40.0,Speeding,72.0,4G,-80.0,1.0,0.0056100819241833,40.2790722853814,21.75307246092208,Normal
User_54,2025-07-19 01:28:39,0.286,0.675,Walking,Ligeris,1.0,2way,20.0,Speeding,27.0,5G,-104.0,-2.0,0.0073984349540662,40.306810922315215,21.807108070288702,Normal
User_03,2025-07-19 13:12:23,0.294,0.4254,Driving,Ligeris,1.0,2way,20.0,Driving_Under_Influence,48.0,5G,-90.0,8.0,0.025,40.32309310507713,21.79066099649117,Unintentional
User_66,2025-07-20 03:40:20,0.474,0.7658,Driving,Koila,1.0,2way,70.0,Speeding,48.0,WiFi,-84.0,-11.0,0.0036025903191678,40.32232796993385,21.789862194779943,Normal
User_41,2025-07-20 08:04:13,0.4,0.4178,Walking,Ligeris,1.0,1way,50.0,Speeding,60.0,Ethernet,-83.0,9.0,0.0049091410128879,40.30628247340304,21.806960663064185,Normal
User_48,2025-07-20 11:15:23,0.493,0.5356,Driving,Ligeris,0.0,2way,80.0,Driving_Under_Influence,14.0,3G,-121.0,-8.0,0.0035776757587926,40.306236905873845,21.80922093009634,Unintentional
User_87,2025-07-20 11:50:05,0.548,0.5932,Driving,Zep,0.0,1way,90.0,Driving_Under_Influence,100.0,3G,-79.0,10.0,0.00577095763083285,40.278908661921015,21.75304042272621,Normal
User_36,2025-07-20 13:18:00,0.677,0.4563,Driving,Koila,0.0,2way,90.0,Driving_Under_Influence,16.0,Ethernet,-94.0,4.0,0.0015172942307823,40.321807823875545,21.79115232181528,Normal
User_33,2025-07-20 22:16:33,0.28,0.4123,Driving,Ligeris,2.0,2way,80.0,Reckless_Driving,37.0,5G,-92.0,2.0,0.0097517697691521,40.30784157307303,21.807703690904088,Normal
User_18,2025-07-22 13:58:18,0.386,0.4103,Driving,Koila,1.0,2way,70.0,Reckless_Driving,86.0,5G,-18.0,-5.0,0.00364710992451,40.32214268819416,21.789395099555605,Normal
User_18,2025-07-23 20:02:56,0.386,0.4133,Running,Koila,0.0,2way,40.0,Speeding,49.0,3G,-88.0,-4.0,0.0028696641003914,40.306236905873845,21.79105722379356,Normal
User_80,2025-07-24 05:19:49,0.283,0.765,Driving,Center,1.0,1way,40.0,Speeding,44.0,Ethernet,-107.0,12.0,0.0037986973639971,40.27951807715281,21.75384345684664,Intentional
User_24,2025-07-25 21:45:53,0.558,0.4517,Driving,Koila,1.0,2way,60.0,Reckless_Driving,27.0,WiFi,-45.0,-16.0,0.0054305533378381,40.32143230885756,21.79222767393201,Normal
User_78,2025-07-27 03:23:21,0.553,0.4204,Walking,Ligeris,1.0,4way,40.0,Reckless_Driving,16.0,5G,-91.0,-11.0,0.0061875443053537,40.32186759775623,21.790987377191904,Normal
User_16,2025-07-29 00:14:24,0.609,0.4477,Walking,Zep,2.0,2way,60.0,Reckless_Driving,17.0,3G,-86.0,-4.0,0.0012924899920628,40.2801825562236,21.752043315700536,Normal
User_26,2025-07-29 01:07:01,0.552,0.6847,Running,Zep,1.0,2way,20.0,Reckless_Driving,31.0,3G,-87.0,0.0,0.0077621586484573,40.2797176712148,21.75556838692637,Normal
User_55,2025-07-29 03:39:49,0.612,0.6523,Driving,Center,0.0,2way,80.0,Reckless_Driving,100.0,WiFi,-90.0,-2.0,0.0032934783342041,41.998122,21.78959097038251,Intentional
User_95,2025-07-29 09:08:10,0.41,0.8181,Walking,Koila,2.0,2way,60.0,Illegal_Parking,50.0,WiFi,-79.0,-2.0,0.0052859209487691,40.321106380509015,21.7920878643976,Intentional
User_32,2025-07-29 14:30:04,0.436,0.4644,Running,Ligeris,2.0,4way,40.0,Reckless_Driving,59.0,Ethernet,-103.0,-13.0,0.0054473501413774,40.30622850711152,21.807565370891574,Normal
User_13,2025-07-29 18:51:40,0.47,0.6506,Driving,Ligeris,1.0,4way,30.0,Reckless_Driving,60.0,WiFi,-59.0,-15.0,0.0041100188507987,40.32242957507682,21.793253955325,Normal
User_68,2025-07-30 14:35:36,0.422,0.6563,Walking,Zep,1.0,2way,80.0,Reckless_Driving,26.0,5G,-119.0,-4.0,0.0043255769783108,40.27968428250679,21.75298134426312,Normal
User_30,2025-07-30 20:30:34,0.529,0.7364,Driving,Zep,1.0,2way,40.0,Reckless_Driving,73.0,3G,-86.0,-14.0,0.0027234265812765,40.28000814073373,21.75297004912388,Normal
User_79,2025-07-31 03:48:22,0.305,0.696,Walking,Koila,0.0,1way,50.0,Speeding,91.0,4G,-73.0,6.0,0.0089640495807463,40.32165855917445,23.488556,Normal
User_04,2025-07-31 21:21:21,0.491,0.7927,Driving,Koila,4.0,2way,80.0,Reckless_Driving,31.0,3G,-111.0,-21.0,0.0056816202740662,40.3216799255991,21.791820619395743,Unintentional
User_35,2025-08-01 09:18:22,0.297,0.5687,Walking,Ligeris,2.0,4way,50.0,Speeding,32.0,WiFi,-82.0,2.0,0.0052027800305932,40.306265292585664,21.807573510657004,Normal
User_07,2025-08-02 06:34:11,0.548,0.5713,Walking,Spinari,0.0,2way,30.0,Reckless_Driving,66.0,4G,-114.0,3.0,0.00577095763083285,40.322133355987255,21.790517599446108,Intentional
User_77,2025-08-02 06:53:01,0.312,0.8279,Driving,Zep,0.0,1way,70.0,Speeding,43.0,Satellite,-74.0,12.0,0.0020150009377435,40.28066267982189,21.752100396131368,Normal
User_78,2025-08-06 10:34:08,0.553,0.4404,Walking,Koila,0.0,1way,60.0,Driving_Under_Influence,96.0,3G,-117.0,12.0,0.0034344062212217,40.3225271413413,21.790902962593204,Normal
User_98,2025-08-06 10:40:58,0.502,0.836,Running,Koila,0.0,2way,20.0,Driving_Under_Influence,108.0,3G,-89.0,-10.0,0.0022210420837715,40.32348735482409,21.792346859048752,Unintentional
User_44,2025-08-08 12:52:55,0.491,0.5904,Walking,Zep,1.0,1way,10.0,Reckless_Driving,105.0,5G,-106.0,0.0,0.00577095763083285,40.306236905873845,21.75298421102744,Unintentional
User_78,2025-08-09 10:38:51,0.553,0.4464,Walking,Zep,1.0,1way,30.0,Speeding,96.0,3G,-73.0,10.0,0.0030372987310301,40.27981064843732,21.753193984548428,Normal
User_73,2025-08-09 23:04:06,0.598,0.6846,Running,Ligeris,0.0,2way,60.0,Reckless_Driving,41.0,4G,-115.0,5.0,0.0092955580523471,40.30719619700656,21.80810144568635,Normal
User_90,2025-08-10 05:17:08,0.742,0.5876,Driving,Koila,0.0,2way,70.0,Speeding,29.0,WiFi,-75.0,-12.0,0.0032428823668597,37.238376,21.791396937241693,Normal
User_51,2025-08-12 11:09:19,0.433,0.7196,Running,Zep,1.0,2way,150.0,Reckless_Driving,74.0,3G,-89.0,0.0,0.0079240738459715,40.27839955281443,21.791278245294947,Intentional
User_75,2025-08-12 13:40:14,0.359,0.6368,Walking,Ligeris,0.0,1way,40.0,Reckless_Driving,0.0,4G,-110.0,9.0,0.0016638147719242,40.30595327323725,21.80733998049864,Normal
User_82,2025-08-13 08:51:34,0.437,0.748,Driving,Koila,3.0,1way,80.0,Reckless_Driving,83.0,Satellite,-86.0,-9.0,0.0011074665134405,40.322077341715534,21.79126048513128,Normal
User_32,2025-08-13 08:59:52,0.436,0.4944,Driving,Zep,1.0,2way,50.0,Driving_Under_Influence,87.0,3G,-88.0,12.0,0.0092342868098522,40.279434257335225,21.75536466882505,Normal
User_85,2025-08-13 22:55:01,0.377,0.6818,Walking,Zep,0.0,2way,140.0,Driving_Under_Influence,83.0,3G,-83.0,-11.0,0.0088530508644804,40.27954690896046,21.753395004536017,Intentional
User_30,2025-08-15 04:01:21,0.529,0.7674,Running,Zep,0.0,1way,10.0,Driving_Under_Influence,40.0,4G,-103.0,-10.0,0.0028023928721639,40.281017430004745,21.754018727552808,Normal
User_07,2025-08-16 03:34:53,0.548,0.5993,Driving,Zep,1.0,2way,80.0,Reckless_Driving,70.0,5G,-74.0,-2.0,0.00577095763083285,40.27931451925518,21.752534660400656,Normal
User_08,2025-08-16 07:30:38,0.255,0.5184,Driving,Ligeris,0.0,2way,60.0,Driving_Under_Influence,100.0,5G,-81.0,-15.0,0.0055655005955182,40.30628272531856,21.80575148685123,Normal
User_46,2025-08-17 08:37:59,0.491,0.8069,Walking,Koila,1.0,4way,80.0,Speeding,47.0,WiFi,-66.0,-15.0,0.0052017899304229,40.322561821584216,21.79215969832418,Normal
User_30,2025-08-17 13:30:04,0.529,0.7724,Running,Ligeris,0.0,1way,30.0,Speeding,118.0,5G,-82.0,13.0,0.0055995994892478,40.30714795292423,21.808188401106754,Unintentional
User_64,2025-08-18 03:29:28,0.724,0.6724,Running,Zep,0.0,2way,30.0,Speeding,38.0,WiFi,-88.0,-5.0,0.0063812034968666,42.577229,21.753111086116636,Normal
User_85,2025-08-18 05:06:43,0.377,0.6918,Driving,Zep,0.0,2way,40.0,Reckless_Driving,35.0,5G,-84.0,11.0,0.00438668055929,40.2786688642212,21.75525335512853,Normal
User_03,2025-08-18 09:13:53,0.294,0.4854,Driving,Zep,1.0,4way,70.0,Reckless_Driving,74.0,3G,-158.0,3.0,0.0049949432424324,40.279792405851175,21.75187193848394,Unintentional
User_80,2025-08-18 14:47:21,0.283,0.816,Driving,Center,0.0,2way,80.0,Reckless_Driving,50.0,3G,-81.0,-3.0,0.0099065488810982,40.28011781942912,21.753310021681667,Intentional
User_12,2025-08-18 17:09:27,0.337,0.6777,Driving,Ligeris,0.0,1way,80.0,Speeding,2.0,4G,-95.0,-14.0,0.0083693075029538,40.30593492086707,21.805505193536018,Normal
User_23,2025-08-19 23:56:11,0.728,0.5661,Running,Ligeris,1.0,1way,60.0,Driving_Under_Influence,89.0,3G,-111.0,12.0,0.0049315777745871,40.30561084872566,21.80847092450268,Normal
User_92,2025-08-20 00:08:22,0.493,0.7404,Driving,Koila,0.0,2way,20.0,Speeding,31.0,WiFi,-82.0,10.0,0.0074617633489264,40.322632856567225,21.791149603071183,Normal
User_40,2025-08-23 20:34:07,0.491,0.5193,Driving,Ligeris,2.0,2way,20.0,Reckless_Driving,9.0,WiFi,-89.0,-9.0,0.0047101412506408,40.3067777725454,21.805671380798177,Normal
User_36,2025-08-24 12:29:29,0.677,0.5263,Running,Zep,0.0,1way,50.0,Illegal_Parking,18.0,5G,-82.0,15.0,0.033,40.27922273601271,21.754701915723828,Intentional
User_13,2025-08-24 13:57:17,0.47,0.7026,Driving,Ligeris,0.0,1way,10.0,Speeding,43.0,5G,-81.0,11.0,0.047,40.30503952508361,21.80822203338805,Unintentional
User_69,2025-08-24 17:36:35,0.692,0.7417,Walking,Ligeris,4.0,2way,50.0,Reckless_Driving,89.0,3G,-100.0,7.0,0.0084522748677265,40.30583168714595,21.807857019724548,Normal
User_32,2025-08-26 02:36:24,0.436,0.5194,Running,Koila,1.0,4way,10.0,Driving_Under_Influence,26.0,WiFi,-67.0,-6.0,0.0056306404002745,40.32344495787811,21.79171012659513,Normal
User_20,2025-08-26 06:59:36,0.471,0.8083,Running,Ligeris,0.0,4way,30.0,Reckless_Driving,98.0,5G,-81.0,-3.0,0.0048353364451454,40.30474713522781,23.951329,Normal
User_62,2025-08-26 07:50:59,0.608,0.6842,Walking,Ligeris,2.0,1way,10.0,Driving_Under_Influence,44.0,WiFi,-33.0,3.0,0.0059124044729054,40.30599132094471,21.807398214379592,Normal
User_31,2025-08-26 16:13:25,0.579,0.5306,Driving,Zep,1.0,1way,20.0,Speeding,6.0,5G,-77.0,15.0,0.0077549062152684,40.27833037565619,21.75345243025567,Normal
User_89,2025-08-26 17:16:28,0.704,0.8425,Driving,Zep,1.0,4way,40.0,Speeding,90.0,3G,-102.0,21.0,0.007573574351123,40.28012748681216,21.752549965138247,Unintentional
User_52,2025-08-27 14:12:34,0.721,0.8521,Driving,Ligeris,1.0,4way,50.0,Reckless_Driving,72.0,5G,-94.0,-11.0,0.0076848716036456,40.30582641120139,21.808019760048158,Normal
User_20,2025-08-27 16:33:49,0.471,0.8103,Driving,Zep,0.0,2way,80.0,Driving_Under_Influence,17.0,5G,-131.0,14.0,0.00577095763083285,40.306236905873845,21.75400073314267,Unintentional
User_91,2025-08-27 20:35:22,0.699,0.8727,Running,Ligeris,1.0,1way,10.0,Reckless_Driving,31.0,3G,-85.0,0.0,0.003970203331203,40.306236905873845,21.806538951570648,Normal
User_89,2025-08-28 02:39:29,0.704,0.8455,Walking,Koila,0.0,1way,60.0,Reckless_Driving,3.0,3G,-11.0,8.0,0.0070369125777591,40.32272960152863,21.791339332803467,Normal
User_24,2025-08-28 19:53:35,0.558,0.5197,Running,Zep,0.0,2way,120.0,Driving_Under_Influence,95.0,3G,-112.0,13.0,0.0056894549085767,40.278905298431326,21.75474114744831,Normal
User_36,2025-08-29 17:47:50,0.677,0.5373,Running,Zep,1.0,4way,30.0,Driving_Under_Influence,46.0,3G,-20.0,13.0,0.0087087295075093,40.27851593138039,21.752831927659887,Normal
User_34,2025-08-31 13:45:39,0.399,0.5242,Running,Zep,1.0,2way,20.0,Speeding,51.0,5G,-84.0,-10.0,0.0093299493331738,40.27796638306816,19.68986,Normal
User_30,2025-09-01 01:09:19,0.529,0.8014,Running,Ligeris,1.0,2way,10.0,Driving_Under_Influence,53.0,WiFi,-78.0,11.0,0.0081810116271014,40.30686748159231,18.234366,Normal
User_53,2025-09-01 17:28:11,0.463,0.8339,Running,Zep,2.0,4way,80.0,Reckless_Driving,33.0,3G,-103.0,-20.0,0.0074741641617574,40.279107097246175,21.75364096886682,Unintentional
User_38,2025-09-01 23:06:43,0.422,0.8177,Running,Ligeris,1.0,2way,80.0,Speeding,56.0,WiFi,-77.0,-9.0,0.0056713304954893,41.18527,21.807700328629664,Normal
User_35,2025-09-02 01:24:45,0.491,0.791,Walking,Koila,0.0,2way,50.0,Reckless_Driving,79.0,3G,-93.0,11.0,0.0060045759280659,40.306236905873845,21.793375235470428,Normal
User_100,2025-09-03 13:32:27,0.429,0.5632,Running,Zep,6.0,1way,30.0,Speeding,65.0,3G,-75.0,3.0,0.0076837724946051,40.27977148569654,21.75446722507175,Intentional
User_02,2025-09-04 02:36:23,0.582,0.5183,Walking,Ligeris,1.0,2way,60.0,Driving_Under_Influence,48.0,3G,-94.0,1.0,0.0061305541930853,40.30624030812773,21.807863952522563,Normal
User_23,2025-09-04 13:01:37,0.728,0.5971,Flying,Koila,1.0,1way,30.0,Driving_Under_Influence,60.0,4G,-19.0,-16.0,0.00679957066675,40.32194786219148,21.79035130017898,Intentional
User_89,2025-09-06 23:18:42,0.704,0.8645,Driving,Zep,0.0,2way,10.0,Reckless_Driving,91.0,5G,-86.0,15.0,0.0045222978015457,40.28041053889104,21.75171087836789,Normal
User_31,2025-09-07 02:52:17,0.579,0.5536,Running,Ligeris,1.0,2way,50.0,Speeding,70.0,WiFi,-54.0,0.0,0.0091998670272826,40.27932129446291,21.7530836265146,Normal
User_02,2025-09-07 11:53:37,0.582,0.5253,Driving,Ligeris,3.0,2way,90.0,Driving_Under_Influence,1.0,Satellite,-70.0,-14.0,0.0035598672874185,40.306764339487486,21.806443896803312,Normal
User_77,2025-09-09 01:01:12,0.312,0.9039,Flying,Zep,2.0,2way,80.0,Reckless_Driving,100.0,4G,-90.0,2.0,0.0047145097458173,40.27963577525809,21.753079644576754,Intentional
User_35,2025-09-10 19:14:51,0.297,0.807,Walking,Ligeris,1.0,1way,40.0,Speeding,91.0,3G,-75.0,0.0,0.00577095763083285,40.30682464342056,21.808883158060684,Normal
User_100,2025-09-11 00:32:09,0.429,0.5782,Walking,Koila,1.0,4way,40.0,Driving_Under_Influence,10.0,5G,-73.0,-9.0,0.0018014692166935,40.3219052441257,21.79056953107808,Normal
User_18,2025-09-12 10:33:30,0.386,0.5143,Walking,Zep,1.0,2way,80.0,Speeding,97.0,3G,-99.0,0.0,0.0016578384986626,40.278688069057154,21.791278245294947,Normal
User_69,2025-09-12 11:25:31,0.692,0.7787,Running,Koila,9.0,2way,40.0,Reckless_Driving,15.0,3G,-114.0,8.0,0.0059931566543365,40.32369146648021,21.790629803153248,Intentional
User_31,2025-09-14 04:01:09,0.579,0.5676,Driving,Zep,3.0,2way,40.0,Reckless_Driving,53.0,4G,-81.0,-8.0,0.0022397295079122,40.279562454136055,21.753250237852093,Normal
User_19,2025-09-14 20:55:00,0.491,0.5972,Driving,Koila,1.0,4way,70.0,Speeding,109.0,3G,-77.0,10.0,0.0094855963677256,40.306236905873845,21.791357744419496,Unintentional
User_65,2025-09-16 14:47:40,0.704,0.5653,Walking,Koila,1.0,4way,20.0,Speeding,8.0,4G,-107.0,3.0,0.0069836250453359,40.32266368401097,21.789956379971013,Normal
User_85,2025-09-18 03:07:26,0.377,0.7528,Running,Zep,1.0,1way,60.0,Reckless_Driving,78.0,3G,-103.0,5.0,0.0067658637487879,40.280926769808175,21.75375229221668,Normal
User_39,2025-09-19 09:59:57,0.314,0.7149,Walking,Ligeris,2.0,2way,30.0,Reckless_Driving,28.0,WiFi,-141.0,7.0,0.0028463220849211,40.30600723095328,21.80730709948597,Unintentional
User_49,2025-09-19 20:24:48,0.303,0.5341,Driving,Ligeris,0.0,4way,80.0,Driving_Under_Influence,30.0,5G,-72.0,-2.0,0.0091384321016393,40.30636681618953,21.80754064538044,Normal
User_43,2025-09-20 13:52:54,0.499,0.5915,Running,Ligeris,0.0,2way,70.0,Speeding,28.0,Satellite,-83.0,1.0,0.0051100075355685,40.30695083854263,21.806709108908283,Normal
User_18,2025-09-20 21:49:09,0.386,0.5313,Walking,Ligeris,3.0,4way,80.0,Reckless_Driving,39.0,WiFi,-52.0,-10.0,0.009810393965354,40.30584788904066,21.807529412680523,Normal
User_55,2025-09-21 11:39:03,0.612,0.7613,Driving,Ligeris,3.0,2way,70.0,Driving_Under_Influence,28.0,3G,-118.0,-10.0,0.0096111913567424,40.3072031525864,21.806654924631165,Normal
User_37,2025-09-22 05:35:27,0.726,0.8688,Walking,Koila,0.0,4way,90.0,Reckless_Driving,22.0,Satellite,-72.0,3.0,0.0029343515741276,40.32181026217332,21.79323053441769,Normal
User_55,2025-09-22 13:56:47,0.612,0.7623,Driving,Ligeris,1.0,1way,30.0,Driving_Under_Influence,77.0,4G,-87.0,7.0,0.0029646716837505,40.30643837987599,21.808797681715767,Normal
User_56,2025-09-23 09:33:03,0.42,0.5949,Driving,Ligeris,5.0,4way,90.0,Reckless_Driving,110.0,3G,-84.0,14.0,0.00577095763083285,40.30638670949856,21.807682456143507,Unintentional
User_12,2025-09-23 19:02:27,0.337,0.7507,Running,Koila,1.0,1way,50.0,Speeding,29.0,5G,-74.0,-10.0,0.0026763022476236,40.323322482026086,21.7923058978584,Normal
User_31,2025-09-23 20:14:36,0.579,0.5866,Driving,Ligeris,1.0,1way,50.0,Reckless_Driving,99.0,4G,-103.0,8.0,0.0011043320648266,40.30622316522008,21.80749469403537,Normal
User_24,2025-09-24 03:44:26,0.558,0.5727,Driving,Zep,3.0,6way,30.0,Reckless_Driving,33.0,4G,-91.0,-16.0,0.0096780445869762,40.28019364608648,21.754470699552204,Intentional
User_100,2025-09-24 08:01:45,0.429,0.6052,Running,Zep,1.0,2way,50.0,Reckless_Driving,3.0,3G,-119.0,20.0,0.0012944583426751,40.28036363032113,21.75300094570268,Unintentional
User_27,2025-09-24 15:22:07,0.705,0.6731,Running,Koila,0.0,6way,50.0,Speeding,15.0,Satellite,-76.0,15.0,0.0095450682409593,40.32276009799936,21.791278245294947,Intentional
User_90,2025-09-24 22:31:58,0.742,0.5687,Walking,Koila,1.0,2way,90.0,Speeding,53.0,5G,-112.0,6.0,0.0089349405622366,40.32288181864528,21.791916499186247,Normal
User_77,2025-09-25 12:00:48,0.312,0.9359,Driving,Koila,1.0,4way,50.0,Driving_Under_Influence,56.0,4G,-99.0,-14.0,0.00577095763083285,40.32198101589171,21.790936039291317,Normal
User_53,2025-09-25 13:49:43,0.463,0.8819,Driving,Zep,0.0,1way,20.0,Reckless_Driving,59.0,3G,-118.0,13.0,0.0058079277363497,40.280269611620994,18.74996,Normal
User_92,2025-09-25 18:54:09,0.493,0.8124,Running,Ligeris,2.0,6way,20.0,Speeding,31.0,WiFi,-79.0,-12.0,0.0059069665561113,40.30509439385813,18.190889,Intentional
User_49,2025-09-26 04:22:48,0.303,0.5471,Driving,Spinari,1.0,2way,20.0,Reckless_Driving,49.0,4G,-88.0,-12.0,0.0016526258981279,40.322398160266815,21.7903861168751,Intentional
User_20,2025-09-26 21:03:04,0.491,0.8703,Walking,Ligeris,0.0,1way,20.0,Driving_Under_Influence,20.0,WiFi,-50.0,-21.0,0.003123709044739,40.30662850577087,21.806738692222726,Unintentional
User_64,2025-09-27 16:08:47,0.724,0.7524,Running,Ligeris,1.0,1way,20.0,Speeding,36.0,3G,-91.0,-12.0,0.0044073273597492,37.486403,21.808427349334117,Normal
User_95,2025-09-28 09:44:31,0.41,0.9401,Walking,Koila,3.0,2way,50.0,Reckless_Driving,95.0,5G,-113.0,-14.0,0.0044988106832105,40.32216825131439,21.79131701873184,Normal
User_68,2025-09-29 10:41:40,0.422,0.7793,Driving,Koila,1.0,2way,20.0,Speeding,37.0,5G,-104.0,-2.0,0.0072781591397186,42.044485,21.79196528262454,Normal
User_52,2025-09-29 15:43:17,0.721,0.9171,Walking,Koila,1.0,5way,10.0,Speeding,50.0,5G,-76.0,0.0,0.0032861296997975,40.32203288962302,21.790217907363576,Intentional
User_89,2025-09-30 08:32:19,0.704,0.9125,Running,Ligeris,1.0,1way,50.0,Speeding,3.0,3G,-100.0,16.0,0.0064551763582196,40.322857847712925,21.789899780942697,Normal
User_84,2025-09-30 11:49:42,0.486,0.676,Driving,Ligeris,0.0,1way,40.0,Reckless_Driving,64.0,3G,-93.0,-11.0,0.0089898315410226,40.305885727068336,21.80635507756438,Normal
User_69,2025-09-30 14:02:08,0.692,0.8157,Walking,Ligeris,3.0,2way,70.0,Speeding,78.0,5G,-79.0,-1.0,0.0091194468767412,40.30601618492906,22.735076,Normal
User_98,2025-10-01 06:36:30,0.502,0.947,Walking,Ligeris,2.0,1way,80.0,Driving_Under_Influence,23.0,4G,-119.0,1.0,0.0076444602821603,40.30705211227082,21.80714709643029,Normal
User_82,2025-10-01 06:48:11,0.437,0.846,Driving,Koila,5.0,2way,20.0,Reckless_Driving,74.0,WiFi,-76.0,15.0,0.0083103704639281,40.306236905873845,21.791278245294947,Normal
User_55,2025-10-02 21:23:46,0.612,0.7833,Driving,Zep,5.0,4way,120.0,Speeding,65.0,3G,-75.0,-14.0,0.009047543160988,40.280599012406846,21.753845798919336,Normal
User_86,2025-10-04 13:13:28,0.539,0.8342,Running,Ligeris,0.0,2way,60.0,Speeding,6.0,3G,-82.0,-2.0,0.00577095763083285,40.30651204568135,21.80779379213819,Normal
User_35,2025-10-05 20:12:34,0.297,0.857,Walking,Koila,0.0,4way,50.0,Reckless_Driving,118.0,3G,-118.0,9.0,0.0019104395913181,40.322071436599664,21.79310572345624,Unintentional
User_06,2025-10-06 13:42:59,0.267,0.8297,Walking,Zep,1.0,2way,20.0,Reckless_Driving,65.0,WiFi,-68.0,12.0,0.0057530232324669,40.27864530970433,21.752296732252493,Normal
User_34,2025-10-07 16:05:01,0.399,0.5982,Walking,Ligeris,1.0,2way,20.0,Reckless_Driving,21.0,5G,-14.0,6.0,0.0088488073417225,40.30523752528325,21.80739676787236,Normal
User_57,2025-10-08 18:31:52,0.735,0.9083,Running,Ligeris,0.0,2way,30.0,Driving_Under_Influence,85.0,Satellite,-102.0,4.0,0.008622133169251,40.305641723503264,21.807803832277173,Normal
User_02,2025-10-10 06:19:21,0.582,0.5913,Walking,Zep,1.0,1way,20.0,Reckless_Driving,53.0,5G,-109.0,-4.0,0.0091806230365351,40.27985722121855,21.75355067829199,Normal
User_35,2025-10-11 02:50:56,0.297,0.5687,Walking,Zep,0.0,4way,50.0,Lane_Discards,54.0,3G,-88.0,5.0,0.0055908865130252,40.281167124519015,21.75290940582598,Intentional
User_92,2025-10-11 03:09:09,0.493,0.8444,Driving,Ligeris,2.0,1way,40.0,Speeding,91.0,4G,-72.0,-11.0,0.0021606701813537,40.30455415233165,22.779163,Normal
User_32,2025-10-11 11:09:02,0.436,0.6114,Driving,Ligeris,2.0,1way,10.0,Speeding,20.0,3G,-97.0,-13.0,0.0070747196412077,40.30699769774552,21.80670006409705,Normal
User_97,2025-10-11 20:20:04,0.75,0.7026,Driving,Koila,0.0,1way,80.0,Speeding,113.0,3G,-110.0,-3.0,0.0093437628439293,40.32134312048291,21.79131469168673,Unintentional
User_62,2025-10-11 22:22:42,0.608,0.7772,Driving,Zep,1.0,2way,30.0,Reckless_Driving,16.0,4G,-86.0,-15.0,0.0012559556990036,40.27939778754713,21.751347143848744,Normal
User_16,2025-10-12 17:45:21,0.609,0.5987,Driving,Koila,1.0,1way,90.0,Reckless_Driving,63.0,5G,-70.0,-10.0,0.0087007897130653,40.32281696096317,21.791688845862765,Normal
User_81,2025-10-12 18:04:42,0.7,0.6359,Driving,Zep,0.0,2way,50.0,Reckless_Driving,2.0,4G,-21.0,3.0,0.00577095763083285,40.27888502241552,21.753004993971768,Normal
User_88,2025-10-15 05:52:20,0.28,0.8731,Running,Ligeris,1.0,2way,70.0,Reckless_Driving,51.0,5G,-114.0,-6.0,0.0051646140981915,40.30632281517643,21.807411279691426,Normal
User_74,2025-10-15 08:48:00,0.448,0.8187,Walking,Koila,0.0,1way,90.0,Driving_Under_Influence,45.0,4G,-104.0,22.0,0.006991070053773,40.32293603742364,21.79024768646859,Unintentional
User_03,2025-10-15 12:12:23,0.294,0.6004,Running,Koila,1.0,2way,40.0,Reckless_Driving,0.0,4G,-76.0,-8.0,0.0079618270401942,40.320931123213,21.790757544217374,Normal
User_49,2025-10-15 20:16:02,0.303,0.5861,Driving,Ligeris,4.0,1way,50.0,Reckless_Driving,23.0,Satellite,-117.0,11.0,0.0031764157691316,40.30623504607459,21.807499564813416,Normal
User_70,2025-10-15 22:44:18,0.694,0.713,Driving,Zep,1.0,5way,80.0,Speeding,71.0,WiFi,-86.0,-16.0,0.0024236687791066,40.27928274344383,21.753364380038832,Intentional
User_34,2025-10-17 09:32:09,0.399,0.6172,Walking,Koila,0.0,2way,70.0,Speeding,89.0,Satellite,-92.0,0.0,0.0079400585661648,40.32299131275439,21.792355664806514,Normal
User_21,2025-10-17 12:42:09,0.428,0.6538,Walking,Koila,0.0,4way,50.0,Reckless_Driving,37.0,5G,-108.0,-5.0,0.00577095763083285,40.32227401804344,22.963073,Normal
User_95,2025-10-17 17:30:08,0.41,0.9791,Driving,Koila,0.0,2way,50.0,Speeding,79.0,WiFi,-83.0,9.0,0.0034617409512545,40.32206945235789,21.79144165588311,Normal
User_21,2025-10-18 04:17:56,0.428,0.6548,Walking,Koila,1.0,2way,50.0,Reckless_Driving,67.0,5G,-111.0,-11.0,0.0052786556746494,40.32200923960114,19.68433,Normal
User_09,2025-10-18 18:17:52,0.314,0.9004,Walking,Zep,0.0,4way,10.0,Speeding,53.0,4G,-112.0,5.0,0.0071658232973988,40.27920392598706,21.753171896700184,Normal
User_29,2025-10-19 15:27:22,0.453,0.9628,Driving,Zep,0.0,2way,40.0,Driving_Under_Influence,72.0,4G,-89.0,-3.0,0.006899877335676,40.2807542995314,21.75182765634024,Normal
User_55,2025-10-19 23:59:36,0.612,0.8173,Walking,Zep,7.0,4way,90.0,Driving_Under_Influence,34.0,3G,-91.0,-3.0,0.0051774772298301,40.27922107858792,21.7538573164151,Intentional
User_80,2025-10-21 21:51:41,0.283,0.944,Driving,Ligeris,1.0,2way,10.0,Reckless_Driving,58.0,4G,-85.0,-7.0,0.00577095763083285,40.32217738619544,21.791034519316185,Normal
User_18,2025-10-22 13:58:35,0.386,0.5953,Driving,Koila,4.0,1way,60.0,Speeding,30.0,WiFi,-70.0,10.0,0.0040044921459074,40.32365192002338,21.791971940809447,Normal
User_02,2025-10-22 15:38:27,0.582,0.6143,Walking,Koila,2.0,1way,10.0,Speeding,34.0,WiFi,-67.0,9.0,0.0057896036732681,40.3219615277857,21.791535422376377,Normal
User_50,2025-10-22 20:53:23,0.489,0.7467,Driving,Zep,0.0,2way,30.0,Speeding,1.0,Ethernet,-88.0,6.0,0.0075212365404515,40.27849523162411,21.75383694182081,Normal
User_03,2025-10-22 23:09:41,0.294,0.6154,Walking,Ligeris,0.0,2way,30.0,Driving_Under_Influence,13.0,5G,-115.0,8.0,0.0083285748097685,40.3061686459664,21.80905772887032,Normal
User_53,2025-10-23 01:21:37,0.463,0.9369,Walking,Zep,0.0,2way,60.0,Speeding,5.0,5G,-119.0,0.0,0.0017548834757492,40.28072008010975,21.75332219032388,Normal
User_82,2025-10-25 14:07:43,0.437,0.895,Walking,Koila,0.0,2way,40.0,Driving_Under_Influence,31.0,3G,-90.0,-14.0,0.001160796313393,38.521127,21.79091718507835,Normal
User_09,2025-10-25 16:19:11,0.314,0.9134,Walking,Ligeris,0.0,4way,40.0,Speeding,95.0,4G,-118.0,3.0,0.0092542721786985,40.30575017367268,21.80714180078498,Normal
User_23,2025-10-27 10:08:27,0.728,0.7041,Driving,Koila,0.0,4way,30.0,Driving_Under_Influence,71.0,5G,-106.0,9.0,0.0083764084241303,40.32267392278885,21.79121788504673,Normal
User_52,2025-10-27 16:24:41,0.721,0.9741,Driving,Ligeris,0.0,2way,20.0,Reckless_Driving,25.0,4G,-92.0,3.0,0.0048882210397125,40.30601829988814,21.805593152106606,Normal
User_04,2025-10-28 12:54:40,0.383,0.9697,Driving,Koila,0.0,2way,20.0,Driving_Under_Influence,47.0,4G,-97.0,14.0,0.0051968826301783,40.322043295387225,21.789788773090983,Normal
User_60,2025-10-29 23:51:17,0.361,0.5687,Running,Ligeris,0.0,1way,20.0,Driving_Under_Influence,11.0,5G,-120.0,-13.0,0.0054306499954732,40.306336833119154,21.80728002195528,Normal
User_78,2025-11-01 08:30:01,0.553,0.6144,Walking,Ligeris,0.0,2way,40.0,Reckless_Driving,13.0,5G,-115.0,4.0,0.026,40.305024204030914,21.806616546022955,Unintentional
User_24,2025-11-02 03:21:43,0.558,0.6507,Walking,Spinari,0.0,2way,40.0,Reckless_Driving,35.0,4G,-88.0,2.0,0.0090262128604895,40.30646675628083,21.806188941702068,Intentional
User_34,2025-11-02 06:35:41,0.399,0.6492,Walking,Koila,1.0,2way,20.0,Speeding,10.0,5G,-34.0,-6.0,0.0085146022184669,40.32231140149006,21.790647000841357,Normal
User_07,2025-11-02 21:10:00,0.548,0.7553,Driving,Zep,0.0,1way,50.0,Driving_Under_Influence,84.0,5G,-88.0,22.0,0.0043284469731097,40.28032157569833,21.75305270651817,Unintentional
User_31,2025-11-03 23:29:16,0.579,0.6686,Walking,Zep,0.0,2way,40.0,Driving_Under_Influence,10.0,5G,-90.0,-13.0,0.0021919708539697,40.27992465865779,21.75496639046551,Normal
User_59,2025-11-04 12:13:48,0.631,0.734,Running,Koila,1.0,2way,20.0,Reckless_Driving,72.0,4G,-96.0,0.0,0.0043569431531711,38.399975,21.791127073966805,Normal
User_30,2025-11-04 17:39:38,0.529,0.9304,Running,Ligeris,0.0,2way,30.0,Reckless_Driving,33.0,WiFi,-56.0,0.0,0.0082281788287798,40.30557240352999,21.80899386298147,Normal
User_88,2025-11-05 19:04:31,0.28,0.9161,Running,Ligeris,2.0,2way,50.0,Reckless_Driving,84.0,WiFi,-52.0,13.0,0.0011864343470036,37.09346,21.80661221586784,Normal
User_66,2025-11-06 06:20:04,0.491,0.9838,Running,Zep,1.0,2way,80.0,Speeding,83.0,4G,-78.0,-9.0,0.0020390924526969,40.2796187318031,21.753339991923465,Normal
User_57,2025-11-06 21:50:36,0.735,0.9673,Driving,Koila,1.0,2way,10.0,Speeding,53.0,4G,-35.0,-11.0,0.0076875884752396,40.32084763832223,21.79061415413569,Normal
User_89,2025-11-06 23:28:16,0.704,0.9865,Driving,Zep,0.0,1way,60.0,Reckless_Driving,66.0,3G,-62.0,-1.0,0.0062543865609996,38.79764,21.754518489792503,Normal
User_84,2025-11-07 18:21:02,0.486,0.5687,Walking,Zep,4.0,1way,20.0,Reckless_Driving,79.0,4G,-92.0,-15.0,0.0079243881716436,40.306236905873845,21.753420242630305,Normal
User_38,2025-11-08 17:36:57,0.422,0.9537,Driving,Ligeris,2.0,2way,10.0,Speeding,104.0,4G,-109.0,-7.0,0.0071632411033567,40.30503287183712,21.807560499413302,Unintentional
User_13,2025-11-10 05:57:10,0.47,0.8576,Running,Koila,1.0,1way,40.0,Reckless_Driving,79.0,5G,-99.0,-4.0,0.039,40.321992145315335,21.791292792659128,Unintentional
User_19,2025-11-10 09:30:02,0.491,0.7102,Walking,Koila,3.0,1way,40.0,Speeding,53.0,4G,-84.0,7.0,0.025,40.32182530340816,21.79121155265608,Unintentional
User_98,2025-11-11 04:24:27,0.502,1.0,Driving,Ligeris,0.0,2way,40.0,Reckless_Driving,29.0,3G,-21.0,-5.0,0.0038589795042894,40.30467445441269,21.80637314430107,Normal
User_41,2025-11-11 07:11:53,0.4,0.6458,Running,Zep,1.0,4way,90.0,Speeding,60.0,4G,-101.0,21.0,0.0080742317511788,40.306236905873845,21.753836372735517,Unintentional
User_79,2025-11-11 15:56:31,0.305,0.902,Driving,Ligeris,4.0,4way,50.0,Lane_Discards,7.0,4G,-102.0,-4.0,0.00977265669272,40.30652647541725,21.807334436979183,Intentional
User_76,2025-11-12 01:50:52,0.634,1.0,Driving,Ligeris,1.0,1way,40.0,Reckless_Driving,21.0,4G,-84.0,-15.0,0.0040108292283443,40.30627612709083,21.791278245294947,Normal
User_84,2025-11-12 19:49:49,0.486,0.761,Walking,Ligeris,0.0,4way,10.0,Speeding,17.0,WiFi,-51.0,-13.0,0.00577095763083285,40.3067686358558,21.80701213098362,Normal
User_86,2025-11-14 23:31:40,0.539,0.9162,Running,Koila,0.0,2way,20.0,Driving_Under_Influence,74.0,WiFi,-78.0,-9.0,0.0050826884381152,40.323494132204594,21.79139610623097,Normal
User_20,2025-11-15 05:20:48,0.471,0.9693,Driving,Ligeris,3.0,1way,70.0,Speeding,23.0,WiFi,-58.0,-16.0,0.0020837450694388,40.27947978952224,21.75403659390554,Normal
User_10,2025-11-15 14:52:02,0.611,0.7511,Running,Ligeris,1.0,2way,50.0,Speeding,15.0,5G,-83.0,-16.0,0.0034858917951262,40.30569777797219,17.519352,Normal
User_43,2025-11-15 21:38:14,0.499,0.7045,Walking,Zep,1.0,2way,100.0,Driving_Under_Influence,11.0,Satellite,-87.0,8.0,0.0022907460239327,40.27976724292059,21.75460578761992,Normal
User_97,2025-11-16 10:43:57,0.491,0.7736,Running,Ligeris,1.0,2way,40.0,Reckless_Driving,56.0,WiFi,-82.0,0.0,0.0074809324146148,40.30484526296567,21.808988140605297,Normal
User_67,2025-11-16 17:24:07,0.458,0.9522,Walking,Zep,0.0,4way,80.0,Driving_Under_Influence,69.0,WiFi,-77.0,10.0,0.0064022175594873,40.279480603413006,21.75143074267988,Normal
User_44,2025-11-18 17:24:09,0.677,0.7944,Running,Ligeris,0.0,4way,160.0,Reckless_Driving,3.0,5G,-104.0,-5.0,0.0017114579363171,40.30684480653007,21.805974167770355,Intentional
User_33,2025-11-18 19:51:04,0.28,0.6543,Driving,Zep,0.0,2way,20.0,Speeding,61.0,3G,-92.0,14.0,0.0093719618991333,40.27920789104199,21.75301593584805,Normal
User_94,2025-11-21 09:28:27,0.336,0.9686,Running,Koila,0.0,2way,90.0,Speeding,53.0,4G,-73.0,-4.0,0.0079584130183855,37.756367,21.79280631006208,Normal
User_21,2025-11-24 05:59:16,0.428,0.7288,Driving,Koila,1.0,2way,30.0,Reckless_Driving,37.0,5G,-76.0,-14.0,0.0026850194739157,40.32214477770778,21.79086057878926,Normal
User_35,2025-11-25 01:26:11,0.297,0.959,Walking,Koila,0.0,2way,40.0,Driving_Under_Influence,67.0,4G,-88.0,8.0,0.0063582666308837,37.526786,21.789567228423003,Normal
User_76,2025-11-27 00:45:18,0.634,1.0,Driving,Ligeris,3.0,2way,30.0,Driving_Under_Influence,94.0,3G,-100.0,-1.0,0.0074761666054213,40.30614658130069,21.806687893440557,Normal
User_69,2025-11-27 02:18:18,0.692,0.9307,Driving,Spinari,1.0,1way,20.0,Driving_Under_Influence,119.0,4G,-76.0,6.0,0.0055883950437727,40.27799384421005,21.75297892596413,Intentional
User_44,2025-11-29 06:23:36,0.677,0.8164,Running,Zep,2.0,2way,10.0,Speeding,3.0,3G,-75.0,-6.0,0.028,40.27832903837487,21.752818528942434,Unintentional
User_02,2025-11-29 07:09:42,0.582,0.6903,Driving,Zep,0.0,2way,50.0,Driving_Under_Influence,83.0,5G,-99.0,-14.0,0.0098154291528731,40.28093055046708,21.751939159345287,Normal
User_83,2025-11-30 01:31:46,0.693,0.9976,Walking,Ligeris,0.0,4way,30.0,Driving_Under_Influence,103.0,5G,-88.0,15.0,0.0067394458319298,40.30620529545927,21.80722947325862,Unintentional
User_06,2025-12-01 23:21:03,0.267,0.9427,Driving,Ligeris,0.0,2way,20.0,Driving_Under_Influence,5.0,5G,-88.0,15.0,0.0092239625638461,40.307630893215965,21.807387626594323,Normal
User_49,2025-12-02 01:38:23,0.303,0.6811,Running,Center,0.0,2way,60.0,Speeding,94.0,4G,-117.0,-4.0,0.0067177092950432,40.30570269815549,21.80790705981133,Intentional
User_09,2025-12-02 16:23:16,0.314,0.9904,Driving,Koila,6.0,2way,10.0,Speeding,53.0,WiFi,-56.0,15.0,0.0049538750819447,40.32121098624339,21.79172283756963,Intentional
User_75,2025-12-03 01:44:44,0.359,0.8628,Running,Koila,0.0,4way,70.0,Speeding,36.0,5G,-76.0,11.0,0.0084431305048479,40.322060068218825,21.789256161425985,Normal
User_87,2025-12-03 09:28:37,0.548,0.8662,Running,Zep,0.0,2way,10.0,Speeding,97.0,WiFi,-88.0,-11.0,0.0084788405540871,40.27936491378423,21.75322662865455,Normal
User_06,2025-12-03 16:42:56,0.267,0.9457,Walking,Zep,1.0,4way,60.0,Lane_Discards,60.0,4G,-115.0,1.0,0.0036038842945223,40.2783511406198,21.75174704685819,Intentional
User_52,2025-12-04 09:28:19,0.721,1.0,Driving,Koila,0.0,4way,20.0,Driving_Under_Influence,83.0,4G,-120.0,12.0,0.0078418379116879,40.32274326390445,21.790383228953235,Normal
User_42,2025-12-06 02:12:31,0.739,0.7386,Walking,Koila,0.0,2way,60.0,Driving_Under_Influence,115.0,4G,-109.0,4.0,0.0027757569774366,40.32266074704901,21.78912815422799,Unintentional
User_25,2025-12-06 17:08:06,0.504,0.8981,Running,Koila,1.0,2way,90.0,Speeding,25.0,3G,-95.0,13.0,0.0050129115142895,40.3231163212449,21.79256858571476,Normal
User_35,2025-12-07 15:03:22,0.297,0.983,Walking,Koila,0.0,1way,30.0,Reckless_Driving,104.0,WiFi,-88.0,11.0,0.0042068551616399,40.321778747518,21.78983667762198,Unintentional
User_35,2025-12-08 12:13:56,0.297,0.985,Walking,Zep,1.0,2way,40.0,Reckless_Driving,114.0,4G,-106.0,9.0,0.0081527074537811,40.278007067959095,21.75293729228382,Unintentional
User_38,2025-12-09 12:56:34,0.422,1.0,Driving,Ligeris,2.0,2way,140.0,Driving_Under_Influence,53.0,WiFi,-83.0,0.0,0.00577095763083285,40.30709097822024,21.806338203409865,Intentional
User_91,2025-12-10 11:16:35,0.699,1.0,Running,Koila,0.0,1way,20.0,Reckless_Driving,113.0,WiFi,-56.0,7.0,0.0083674069760341,40.323180528633024,21.79212709149376,Unintentional
User_90,2025-12-10 18:44:42,0.742,0.8316,Driving,Ligeris,1.0,4way,60.0,Driving_Under_Influence,78.0,4G,-105.0,1.0,0.0020256369175878,40.306887751043234,21.80581081647577,Normal
User_73,2025-12-11 02:27:44,0.598,0.5687,Driving,Center,1.0,1way,40.0,Reckless_Driving,55.0,5G,-88.0,9.0,0.0049070858907067,40.306648166003136,21.80952341199496,Intentional
User_18,2025-12-11 05:31:37,0.386,0.6943,Walking,Zep,5.0,2way,50.0,Reckless_Driving,15.0,4G,-88.0,9.0,0.0090598890011789,40.2806034704098,21.75355184765903,Normal
User_97,2025-12-11 06:46:02,0.75,0.8236,Running,Ligeris,2.0,4way,30.0,Reckless_Driving,79.0,4G,-91.0,18.0,0.0097454346220629,40.32094137031967,21.79139310684254,Unintentional
User_30,2025-12-12 13:58:05,0.529,1.0,Driving,Zep,1.0,2way,30.0,Driving_Under_Influence,42.0,3G,-139.0,16.0,0.0091983240931777,40.27922093927891,21.75121125207591,Unintentional
User_85,2025-12-13 02:08:45,0.377,0.9258,Running,Zep,0.0,2way,70.0,Reckless_Driving,53.0,4G,-70.0,-9.0,0.0020920109285574,40.27967549053991,21.752801444029075,Normal
User_34,2025-12-13 18:25:57,0.399,0.5687,Walking,Koila,1.0,2way,80.0,Speeding,43.0,5G,-88.0,18.0,0.0074144156390293,40.32310137386331,21.791868111380108,Unintentional
User_71,2025-12-14 07:26:23,0.466,1.0,Swimming,Koila,1.0,2way,40.0,Driving_Under_Influence,29.0,3G,-106.0,16.0,0.0050944072529891,40.32203428994344,21.78960021326409,Intentional
User_100,2025-12-15 10:18:57,0.429,0.7692,Running,Ligeris,0.0,4way,90.0,Driving_Under_Influence,13.0,Ethernet,-77.0,-2.0,0.0010941030471896,40.30706124016373,21.806931254709024,Normal
User_08,2025-12-16 17:06:28,0.255,0.7634,Walking,Zep,0.0,2way,90.0,Reckless_Driving,31.0,5G,-118.0,14.0,0.0045887946165678,40.28015629856103,21.75343315865052,Normal
User_59,2025-12-17 08:19:56,0.631,0.821,Driving,Zep,1.0,2way,90.0,Reckless_Driving,84.0,WiFi,-55.0,-2.0,0.0032957710289876,40.306236905873845,21.753734466774453,Normal
User_73,2025-12-17 12:16:26,0.598,0.9436,Running,Zep,0.0,1way,60.0,Speeding,85.0,Satellite,-120.0,-9.0,0.0076417150000052,40.306236905873845,21.753275264917036,Normal
User_06,2025-12-17 19:24:06,0.267,0.9747,Driving,Ligeris,1.0,1way,70.0,Driving_Under_Influence,110.0,3G,-79.0,-1.0,0.0036798205524634,40.30648113938186,21.807192670157026,Unintentional
User_49,2025-12-17 21:32:10,0.303,0.7111,Walking,Zep,0.0,2way,10.0,Reckless_Driving,39.0,5G,-103.0,-14.0,0.0092523347764655,40.27875181576704,21.752393229592837,Normal
User_88,2025-12-17 22:09:09,0.28,1.0,Running,Ligeris,0.0,1way,80.0,Driving_Under_Influence,79.0,3G,-114.0,14.0,0.0066506517830628,40.30652819345808,21.80732136445367,Normal
User_37,2025-12-19 21:35:18,0.726,1.0,Driving,Ligeris,1.0,6way,50.0,Driving_Under_Influence,19.0,4G,-114.0,0.0,0.0049088017462366,40.30454150518937,21.80712225067548,Intentional
User_26,2025-12-21 00:28:16,0.552,0.9747,Walking,Center,0.0,2way,70.0,Driving_Under_Influence,11.0,4G,-106.0,-8.0,0.001051882249432,40.307043963710335,21.807813078854,Intentional
User_66,2025-12-21 23:56:50,0.474,0.5687,Driving,Zep,0.0,1way,80.0,Speeding,98.0,3G,-82.0,-8.0,0.0064643975433692,40.27861142068513,21.753628534458716,Normal
User_44,2025-12-25 18:19:35,0.491,0.8694,Walking,Koila,0.0,2way,80.0,Reckless_Driving,24.0,4G,-92.0,-9.0,0.0074993324164312,40.32321373770301,21.79188831613089,Normal
User_73,2025-12-26 00:23:41,0.598,0.9616,Driving,Spinari,0.0,1way,10.0,Reckless_Driving,53.0,4G,-105.0,-15.0,0.005640143402173,40.27896765260665,21.752370444195464,Intentional
User_71,2025-12-26 19:25:47,0.466,1.0,Driving,Ligeris,1.0,2way,60.0,Reckless_Driving,48.0,WiFi,-88.0,-1.0,0.0074645391760785,40.30618347675029,21.809013118890707,Normal
User_76,2025-12-30 05:50:14,0.634,1.0,Walking,Koila,0.0,2way,30.0,Reckless_Driving,0.0,3G,-89.0,13.0,0.0056779565053126,40.32331206176753,21.791278245294947,Normal
User_23,2025-12-30 16:35:00,0.728,0.8311,Walking,Zep,2.0,2way,140.0,Driving_Under_Influence,84.0,5G,-116.0,15.0,0.0030388805552763,40.2787038702476,21.751349339240853,Intentional
User_50,2025-12-30 18:52:10,0.489,0.8847,Walking,Ligeris,5.0,2way,70.0,Lane_Discards,97.0,3G,-70.0,-7.0,0.009931655273591,40.30522737121196,21.80785012285938,Intentional
User_45,2025-12-31 19:07:54,0.483,0.8707,Running,Ligeris,0.0,2way,40.0,Speeding,72.0,3G,-101.0,-15.0,0.004913266237684,40.30730531899594,21.8083918728788,Normal
