User_Id,Timestamp,User_Reputation,User_Experience,User_Activity,University_Area,Violation_Type,Road_Type,Road_Accident,Speed_Limit,Internet_Connection,Internet_Signal_Strength,Battery_Percentage,Accelerometer_Range,Accelerometer_Resolution,Latitude,Longitude,Is_Intentional
User_85,2025-01-01 01:34:05,0.653,0.2013,Driving,Koila,Driving_Under_Influence,6way,1,30,5G,-93,59,-8,0.0071349982626002,40.321480029418424,21.790221791176062,1
User_99,2025-08-14 03:14:33,0.622,0.6154,Walking,Koila,Driving_Under_Influence,2way,150,100,5G,-97,79,-6,0.0091795133050744,40.32115935972548,21.79225252444228,1
User_59,2025-08-14 05:37:49,0.521,0.5703,Running,Koila,Speeding,2way,150,20,3G,-105,66,1,0.0080399829179039,40.32082479507423,21.789586171039783,1
User_71,2025-08-14 06:05:04,0.259,0.7112,Running,Center,Speeding,2way,1,20,5G,-93,55,13,0.0034541116593684,40.30630966129915,21.808094554354856,1
User_42,2025-08-14 08:09:14,0.544,0.8193,Running,Zep,Driving_Under_Influence,2way,0,40,5G,-83,91,20,0.0077581965521443,40.28012410413563,21.753443569710356,1
User_72,2025-08-14 08:46:35,0.359,0.7678,Walking,Ligeris,8,1way,1,10,5G,-70,87,7,0.0032684390153673,40.3073657365373,21.807568732624276,1
User_43,2025-08-14 09:15:19,0.407,0.7294,Walking,Koila,Speeding,5way,0,40,WiFi,-86,77,-11,0.008736320366106,40.32219929726886,21.79289444588226,1
User_30,2025-08-14 10:18:14,0.478,0.6541,Flying,Zep,Driving_Under_Influence,2way,1,70,4G,-102,66,10,0.0071930908445925,40.27978744680906,21.75485135249839,1
User_39,2025-08-14 10:33:01,0.297,0.7784,Driving,Zep,Speeding,2way,1,60,3G,-77,94,-4,0.0090574411284852,41.233783,21.753704708348945,1
User_78,2025-08-14 12:51:00,0.615,0.66,Driving,Zep,Driving_Under_Influence,4way,0,60,WiFi,-56,-38,-14,0.0091631911790561,40.27988575401115,21.753222482570237,1
User_23,2025-08-14 14:28:55,0.532,0.5197,Flying,Ligeris,Reckless_Driving,2way,1,40,3G,-83,45,-14,0.0027830924621936,40.30622940816649,21.80712626725942,1
User_51,2025-08-14 15:08:43,0.574,0.5853,Running,Ligeris,7,1way,1,10,5G,-102,18,-5,0.0088358472479472,40.30630540345541,21.80801993478807,1
User_45,2025-08-14 18:14:07,0.693,0.6474,Driving,Koila,Driving_Under_Influence,2way,2,70,WiFi,-89,35,0,0.0013799053775471,37.95221,21.792096685074476,1
User_18,2025-08-14 18:26:00,0.669,0.6094,Running,Zep,Reckless_Driving,2way,0,10,4G,-86,8,20,0.0019126011616042,40.28031063589141,21.754238253363848,1
User_25,2025-08-14 18:41:41,0.352,0.5163,Running,Spinari,Reckless_Driving,4way,2,60,5G,-105,37,0,0.0023086738595532,40.30741876345683,21.808189893299502,1
User_93,2025-08-14 19:26:06,0.333,0.8383,Running,Koila,Reckless_Driving,2way,1,50,4G,-86,-17,-3,0.0063974242809021,40.322999742191605,21.79324422655814,1
User_65,2025-08-14 22:15:01,0.654,0.7082,Driving,Ligeris,Driving_Under_Influence,2way,160,10,4G,-105,99,7,0.0045898018487074,40.3065637407396,21.809002082924845,1
User_63,2025-08-14 22:34:04,0.549,0.8203,Running,Ligeris,Reckless_Driving,1way,0,40,WiFi,-66,43,-25,0.008427133139596,40.305840343939664,21.80956068189151,1
User_81,2025-08-15 00:41:06,0.307,0.5443,Running,Ligeris,Reckless_Driving,2way,1,50,117,-89,61,1,0.0063696950396671,40.3064187126975,21.808029358392034,1
User_53,2025-08-15 01:39:38,0.703,0.6463,Driving,Zep,Driving_Under_Influence,4way,0,40,3G,-105,95,11,0.028,40.28017293843217,21.752910922734113,1
User_88,2025-08-15 02:36:45,0.421,0.7932,Driving,Koila,Driving_Under_Influence,2way,2,50,WiFi,-80,55,-9,0.0024841916777124,40.32305365073118,17.950562,1
User_59,2025-08-15 03:58:42,0.521,0.5723,Flying,Koila,Reckless_Driving,1way,0,50,3G,-91,42,6,0.0043031706838458,40.3213638191192,21.79150619608273,1
User_75,2025-08-15 04:57:24,0.65,0.7394,Swimming,Zep,Driving_Under_Influence,4way,2,90,4G,-90,8,-15,0.0099119429772845,40.27967095197168,21.75325675922526,1
User_06,2025-08-15 05:24:02,0.573,0.6807,Swimming,Zep,Driving_Under_Influence,1way,3,80,WiFi,-64,12,-12,0.0098450313603249,40.27977551431679,21.753746458615623,1
User_60,2025-08-15 05:41:28,0.669,0.5137,Running,Zep,Driving_Under_Influence,2way,1,90,WiFi,-56,76,8,0.03,40.27887175863857,21.752664358984624,1
User_22,2025-08-15 05:54:57,0.656,0.5536,Walking,Zep,Speeding,2way,0,10,115,-85,52,-10,0.004606585874736,40.27906057560941,21.754631692706013,1
User_12,2025-08-15 06:51:11,0.74,0.7361,Walking,Ligeris,Speeding,1way,3,30,WiFi,-86,55,8,0.0085236296949134,41.917132,21.807521977072597,1
User_33,2025-08-15 07:36:25,0.554,0.6573,Running,Ligeris,Speeding,2way,0,Harassing_Driver,3G,-89,76,-4,0.0051381327119332,40.30578043316668,21.80897055317405,1
User_26,2025-08-15 08:24:12,0.495,0.7003,Driving,Koila,Speeding,2way,0,40,WiFi,-83,-130,-2,0.0016368573183687,40.32083949458705,21.792674238241148,1
User_59,2025-08-15 11:46:15,0.521,0.5733,Driving,Ligeris,Driving_Under_Influence,5way,4,40,4G,-96,96,8,0.0045078949992594,40.30578435049326,21.80713309199075,1
User_73,2025-08-15 11:47:51,0.343,0.8233,Driving,Koila,Speeding,2way,140,80,3G,-117,21,-4,0.0033455432106253,40.321519477373904,21.793014777645947,1
User_34,2025-08-15 11:53:35,0.466,0.5732,Driving,Zep,Reckless_Driving,6way,0,80,WiFi,-90,0,1,0.006473378813769,40.27912351759386,21.75365568184943,1
User_44,2025-08-15 12:25:45,0.546,0.7285,Driving,Zep,Speeding,2way,1,30,115,-60,88,9,0.0084700153877677,40.28029166762217,21.75168817884807,1
User_74,2025-08-15 12:26:36,0.564,0.622,Walking,Center,Driving_Under_Influence,4way,1,50,4G,-114,98,-14,0.0052147225533987,40.304856972074624,21.807443522650757,1
User_70,2025-08-15 12:57:20,0.314,0.6241,Driving,Ligeris,Speeding,4way,0,70,4G,-91,87,13,0.0065776722765104,37.216378,21.807939894642768,1
User_81,2025-08-15 13:07:30,0.307,0.5453,Running,Koila,Speeding,4way,1,70,3G,-85,-122,-4,0.0070870540472675,40.32254932621772,21.79206418172152,1
User_86,2025-08-15 14:16:21,0.343,0.6668,Running,Ligeris,Driving_Under_Influence,4way,1,80,111,-120,37,12,0.00989715105364,40.30538125861645,21.807460756514462,1
User_88,2025-08-15 15:20:27,0.421,0.7942,Walking,Zep,Reckless_Driving,6way,1,20,WiFi,-54,96,-1,0.0083575362017398,40.279815494943115,21.75281307229406,1
User_79,2025-08-15 15:39:04,0.326,0.5409,Running,Koila,Reckless_Driving,6way,2,20,3G,-98,33,-13,0.003013412204167,40.32190758306814,21.79214027204982,1
User_95,2025-08-15 17:17:51,0.36,0.7279,Running,Koila,7,4way,0,90,4G,-99,94,3,0.0082694133438955,40.32169402284092,21.791550233009858,1
User_84,2025-08-15 18:21:20,0.488,0.6434,Running,Koila,Driving_Under_Influence,2way,140,60,5G,-116,91,1,0.0012911597336322,40.32205109032272,21.79125803248771,1
User_41,2025-08-15 19:33:16,0.642,0.7975,Running,Koila,Speeding,1way,1,30,4G,-85,70,-8,0.0062943618976006,40.32128889798248,23.435276,1
User_39,2025-08-15 19:35:08,0.297,0.7814,Driving,Zep,Reckless_Driving,2way,0,90,5G,-98,12,25,0.003352000222433,40.2795449104194,21.75325699049493,1
User_78,2025-08-15 20:27:02,0.615,0.662,Driving,Ligeris,Driving_Under_Influence,1way,3,60,119,-103,49,-6,0.0066566713595256,40.305042330987554,21.80674588624334,1
User_96,2025-08-15 22:49:02,0.308,0.6148,Driving,Ligeris,Driving_Under_Influence,4way,1,80,4G,-92,48,-14,0.0075017984638121,40.30799875272495,18.538221,1
User_08,2025-08-16 02:44:54,0.33,0.7649,Running,Ligeris,Driving_Under_Influence,6way,5,60,5G,-115,100,5,0.0031640529285699,40.30592034833805,21.808092013400817,1
User_79,2025-08-16 03:02:04,0.326,0.5429,Walking,Spinari,Reckless_Driving,1way,0,80,4G,-75,42,16,0.0077677026241256,40.30650327718974,21.80778306223721,1
User_36,2025-08-16 03:25:59,0.58,0.716,Walking,Zep,Driving_Under_Influence,1way,160,70,WiFi,-88,64,13,0.0015770339690888,40.280597538307894,21.75477430138315,1
User_86,2025-08-16 04:48:27,0.343,0.6688,Walking,Ligeris,Reckless_Driving,1way,160,30,3G,-95,6,-5,0.0091776757422622,40.3061891317359,21.805414229036067,1
User_72,2025-08-16 05:14:42,0.359,0.7718,Running,Koila,Driving_Under_Influence,1way,1,80,5G,-99,51,13,0.0061415602230875,37.88957,21.79121544844061,1
User_66,2025-08-16 06:48:57,0.551,0.5909,Running,Koila,6,2way,4,70,WiFi,-78,37,-1,0.0020677957170241,40.3221889640142,21.791729079356433,1
User_21,2025-08-16 07:07:42,0.256,0.6676,Walking,Zep,Driving_Under_Influence,4way,0,30,WiFi,-56,79,13,0.0034376256994371,37.072002,21.75469326868673,1
User_43,2025-08-16 07:31:43,0.407,0.7324,Driving,Koila,Driving_Under_Influence,2way,0,50,5G,-97,-25,-5,0.0022373022029654,40.32176255785394,21.791811187031875,1
User_61,2025-08-16 09:13:32,0.304,0.6006,Running,Ligeris,Reckless_Driving,2way,3,40,113,-92,70,-12,0.0099386630538134,40.305174103048536,21.808005688956484,1
User_09,2025-08-16 09:54:04,0.444,0.5567,Walking,Zep,Speeding,2way,0,10,WiFi,-82,66,-14,0.049,40.27832253038942,21.752357946797925,1
User_66,2025-08-16 12:44:01,0.551,0.5919,Flying,Koila,Speeding,2way,0,10,4G,-113,8,-13,0.0042893961262195,40.322122577349,21.79113720773842,1
User_18,2025-08-16 12:52:21,0.669,0.6134,Walking,Center,Driving_Under_Influence,2way,2,80,5G,-112,77,4,0.0055321200916766,40.306216142898315,21.80711591451589,1
User_37,2025-08-16 13:12:04,0.696,0.4697,Driving,Koila,Speeding,2way,2,40,5G,-81,-21,5,0.0091634301778353,40.32165390266693,21.79286082171424,1
User_33,2025-08-16 16:07:51,0.554,0.6603,Driving,Zep,Reckless_Driving,5way,0,40,3G,-91,13,12,0.0040777021209565,40.28056291267573,21.753375295173647,1
User_34,2025-08-16 16:15:38,0.466,0.5752,Running,Ligeris,Driving_Under_Influence,4way,1,20,5G,-87,53,21,0.0088038790789752,40.307075418738926,21.807236260370843,1
User_55,2025-08-16 16:24:30,0.3,0.8294,Running,Koila,Speeding,2way,1,50,4G,-91,47,14,0.0024223827045296,37.712805,21.790989429894942,1
User_38,2025-08-16 18:11:00,0.497,0.7266,Driving,Zep,Driving_Under_Influence,2way,0,30,5G,-109,53,-11,0.038,40.28003175970153,21.753648322638934,1
User_12,2025-08-16 18:44:49,0.74,0.7381,Running,Zep,Speeding,1way,0,30,114,-78,67,10,0.0059291495818669,40.279686868372046,21.753258860463784,1
User_11,2025-08-16 18:47:57,0.263,0.8078,Running,Ligeris,Driving_Under_Influence,4way,0,30,113,-86,25,16,0.0092994162355702,40.30566093515004,21.80753382143533,1
User_74,2025-08-16 19:03:30,0.564,0.624,Walking,Center,Speeding,2way,0,60,5G,-89,96,-13,0.0073314789005265,40.27933321187314,21.75369470598047,1
User_24,2025-08-16 22:57:40,0.354,0.7948,Walking,Koila,Driving_Under_Influence,2way,150,10,WiFi,-58,57,0,0.0018782303543355,40.32230168383438,21.790862673576314,1
User_51,2025-08-16 23:03:16,0.574,0.5903,Driving,Zep,Reckless_Driving,1way,1,70,WiFi,-53,32,15,0.0037356246321452,40.28061908810531,17.401864,1
User_05,2025-08-16 23:12:15,0.307,0.5957,Driving,Zep,7,2way,0,40,WiFi,-89,59,-8,0.009675337261923,40.2808279199031,21.752189272645474,1
User_05,2025-08-17 01:04:58,0.307,0.5967,Walking,Spinari,Reckless_Driving,2way,4,30,4G,-109,81,-9,0.0047630519997921,40.28059923158369,21.75316159736905,1
User_92,2025-08-17 01:07:59,0.622,0.4664,Swimming,Zep,Driving_Under_Influence,2way,1,10,WiFi,-50,69,-6,0.0039509663903924,40.280361637613,21.754536632441855,1
User_80,2025-08-17 02:28:15,0.447,0.7836,Driving,Zep,Driving_Under_Influence,2way,0,10,5G,-107,63,-14,0.0051440140363705,40.278953538624805,19.311205,1
User_22,2025-08-17 02:47:04,0.656,0.5576,Swimming,Zep,Driving_Under_Influence,2way,1,60,3G,-81,19,16,0.0033291322815059,40.27926138456935,21.75418855950778,1
User_73,2025-08-17 04:33:40,0.343,0.8273,Running,Ligeris,Speeding,2way,0,40,5G,-79,43,4,0.0037516786258219,40.30592251957075,17.989122,1
User_23,2025-08-17 10:47:48,0.532,0.5267,Walking,Koila,Reckless_Driving,2way,0,20,WiFi,-90,-22,2,0.0034386009216411,40.32259765527645,21.79120997448077,1
User_50,2025-08-17 10:48:25,0.395,0.6814,Walking,Zep,Reckless_Driving,4way,2,10,WiFi,-75,25,6,0.0010810398997245,40.280357684770784,17.454899,1
User_24,2025-08-17 13:31:03,0.354,0.7968,Walking,Koila,8,2way,3,50,5G,-72,71,7,0.0086659592599655,40.32208710145608,21.79137667174943,1
User_93,2025-08-17 13:53:26,0.333,0.8443,Walking,Zep,Driving_Under_Influence,5way,0,90,5G,-79,79,-15,0.0050454702939021,40.2795615103542,21.75499521545012,1
User_98,2025-08-17 15:59:42,0.734,0.603,Walking,Koila,Reckless_Driving,1way,0,40,WiFi,-50,54,-14,0.0011371759427382,40.323529617744235,17.107314,1
User_62,2025-08-17 16:42:55,0.471,0.566,Running,Zep,Speeding,4way,1,120,4G,-102,97,5,0.0024465976344918,37.539525,21.7531231913274,1
User_45,2025-08-17 16:55:19,0.693,0.6534,Running,Zep,Driving_Under_Influence,1way,1,70,4G,-70,63,1,0.038,40.27938640529863,21.75185427915325,1
User_48,2025-08-17 16:59:38,0.636,0.6509,Walking,Zep,Speeding,4way,1,50,4G,-106,40,0,0.0051646407065763,40.28082160958609,18.114627,1
User_22,2025-08-17 18:38:29,0.656,0.5586,Flying,Zep,Speeding,2way,1,70,4G,-76,58,10,0.0090082540480203,40.278914779630625,21.753627575133255,1
User_76,2025-08-17 20:31:03,0.251,0.6182,Running,Koila,Driving_Under_Influence,4way,0,60,4G,-108,-15,3,0.0096457131723833,40.32264156184903,21.791567075994006,1
User_91,2025-08-17 21:39:05,0.716,0.6673,Driving,Zep,7,4way,0,10,WiFi,-68,37,-4,0.0043892170956789,40.28027590100819,21.75276157496567,1
User_87,2025-08-18 00:48:56,0.64,0.7645,Walking,Zep,Reckless_Driving,2way,2,70,WiFi,-71,90,8,0.008394354582375,37.491008,21.75229361821641,1
User_98,2025-08-18 00:59:17,0.734,0.605,Walking,Spinari,Driving_Under_Influence,1way,2,60,5G,-94,92,13,0.0052930201914465,40.32312843328862,21.789756363273128,1
User_93,2025-08-18 01:28:17,0.333,0.8453,Driving,Zep,Driving_Under_Influence,6way,0,30,3G,-93,4,12,0.0074372098361452,40.27905405806313,21.753825282412834,1
User_08,2025-08-18 05:05:50,0.33,0.7689,Walking,Zep,Driving_Under_Influence,6way,0,40,4G,-108,6,4,0.0084852989960988,40.279141001370185,21.753586959145903,1
User_32,2025-08-18 06:18:21,0.684,0.5583,Driving,Ligeris,Driving_Under_Influence,2way,0,30,WiFi,-81,23,-16,0.0064730580997352,40.30632866691914,23.321723,1
User_86,2025-08-18 09:01:46,0.343,0.6738,Swimming,Koila,Speeding,1way,0,60,WiFi,-57,48,-9,0.0042706632949151,40.32214631349277,21.79183324839054,1
User_88,2025-08-18 09:33:00,0.421,0.8002,Driving,Spinari,Speeding,4way,1,110,WiFi,-56,69,-14,0.001507876680351,40.27947270857685,21.752050844735457,1
User_40,2025-08-18 09:43:31,0.357,0.5461,Driving,Center,Speeding,1way,0,70,3G,-75,21,5,0.0037513231964833,40.27943858352136,21.752620159260136,1
User_14,2025-08-18 09:53:09,0.533,0.5396,Running,Zep,Driving_Under_Influence,2way,1,40,4G,-116,94,11,0.029,40.279916078982325,21.752006701476912,1
User_97,2025-08-18 12:00:26,0.737,0.6716,Driving,Ligeris,Driving_Under_Influence,1way,0,60,3G,-97,48,5,0.0044154274200621,40.307566643211246,19.112684,1
User_82,2025-08-18 13:22:14,0.291,0.494,Walking,Koila,Speeding,2way,1,20,5G,-104,13,20,0.0031697120112144,40.32163086639819,21.790135446483987,1
User_34,2025-08-18 17:23:39,0.466,0.5782,Driving,Koila,6,4way,0,40,5G,-89,37,-14,0.0010250549648906,40.321813848427006,21.791163343676676,1
User_17,2025-08-18 20:12:17,0.439,0.8336,Driving,Zep,Driving_Under_Influence,2way,0,Harassing_Driver,4G,-99,23,-3,0.0082283764668235,40.279882267212265,21.7535092936084,1
User_83,2025-08-18 20:25:34,0.498,0.5427,Driving,Koila,Speeding,2way,2,90,115,-94,27,13,0.0041723864434638,40.322860961505306,21.790467235801856,1
User_51,2025-08-18 22:03:05,0.574,0.5943,Running,Ligeris,Speeding,1way,1,70,3G,-104,28,10,0.0013686403468026,37.090846,21.807676965435927,1
User_52,2025-08-18 23:27:26,0.706,0.8584,Walking,Zep,Driving_Under_Influence,2way,0,50,3G,-93,-22,-7,0.0016585453841443,40.27931836177175,21.750959897779456,1
User_13,2025-08-18 23:36:52,0.738,0.7333,Flying,Zep,Driving_Under_Influence,1way,0,50,WiFi,-86,65,10,0.0045141374507601,40.27913217508244,21.75343637145553,1
User_07,2025-08-19 00:26:07,0.47,0.6914,Running,Ligeris,Speeding,2way,160,40,3G,-81,55,16,0.0028996849117127,40.30643830250181,21.80652432329011,1
User_30,2025-08-19 01:02:54,0.478,0.6631,Running,Koila,7,1way,0,70,4G,-97,23,11,0.0095650025258549,40.32165561551173,21.7917342959824,1
User_83,2025-08-19 02:23:41,0.498,0.5437,Running,Ligeris,Speeding,2way,140,50,3G,-107,89,-3,0.0089848803580415,40.30622697819485,21.80748353197922,1
User_27,2025-08-19 02:52:10,0.33,0.665,Walking,Ligeris,Speeding,4way,0,60,3G,-98,10,-10,0.0022935818669809,38.325258,21.80774441186594,1
User_01,2025-08-19 03:28:46,0.581,0.8337,Driving,Koila,Reckless_Driving,2way,1,90,3G,-75,38,25,0.0038974757643356,40.32297618963416,21.79024902249477,1
User_99,2025-08-19 03:31:37,0.622,0.6254,Walking,Ligeris,Driving_Under_Influence,2way,1,40,WiFi,-62,8,-9,0.0048434407115413,40.30605388997859,17.086035,1
User_29,2025-08-19 03:59:23,0.603,0.8123,Walking,Koila,Speeding,2way,0,10,4G,-105,99,24,0.0089463272306491,40.321962155799646,21.793076031047327,1
User_12,2025-08-19 04:20:16,0.74,0.7431,Running,Zep,Driving_Under_Influence,1way,1,50,WiFi,-58,96,6,0.0064871233732266,37.989318,21.751973261995747,1
User_87,2025-08-19 06:30:39,0.64,0.7665,Flying,Ligeris,Reckless_Driving,1way,2,20,3G,-84,19,16,0.0040252442940955,40.305842377681586,21.807918692004407,1
User_66,2025-08-19 07:17:12,0.551,0.5969,Walking,Koila,Driving_Under_Influence,5way,0,30,WiFi,-70,48,-16,0.0057020547855355,40.3216516211922,21.793426745825972,1
User_11,2025-08-19 07:26:10,0.263,0.8138,Driving,Zep,Reckless_Driving,4way,2,40,4G,-118,36,-2,0.0027697483370772,41.4311,21.754124948529284,1
User_08,2025-08-19 07:36:13,0.33,0.7709,Walking,Zep,Speeding,2way,2,50,5G,-108,29,25,0.0065552940696547,40.27815119926116,21.75297113555048,1
User_78,2025-08-19 09:10:16,0.615,0.669,Walking,Ligeris,Driving_Under_Influence,1way,1,40,5G,-98,23,20,0.0040697173578936,40.30584524660449,21.807005007389748,1
User_69,2025-08-19 09:19:47,0.667,0.5661,Driving,Zep,Driving_Under_Influence,1way,3,20,4G,-75,64,-23,0.0031962388768101,40.2795688224833,21.753408165629708,1
User_02,2025-08-22 03:38:42,0.477,0.6624,Walking,Ligeris,Reckless_Driving,2way,150,80,WiFi,-68,28,2,0.0053634622131275,40.30653958163336,21.80526747624733,1
User_48,2025-08-22 06:50:10,0.636,0.6609,Driving,Koila,Speeding,1way,1,20,WiFi,-58,57,14,0.0036542470872761,37.967312,21.791208260621683,1
User_44,2025-08-22 06:57:01,0.546,0.7425,Walking,Ligeris,Speeding,1way,0,30,114,-112,61,-7,0.0099455312942702,40.30515188466218,21.80836157733604,1
User_62,2025-08-22 07:46:00,0.471,0.575,Driving,Ligeris,Reckless_Driving,1way,0,70,4G,-82,95,-4,0.05,40.305069464248334,21.80662067031847,1
User_51,2025-08-22 08:53:05,0.574,0.6023,Running,Ligeris,Speeding,4way,150,20,3G,-81,55,-8,0.0050347007923638,40.30591223758826,21.807601878807443,1
User_15,2025-08-22 08:59:23,0.369,0.5068,Driving,Koila,Reckless_Driving,4way,0,40,104,-59,54,-15,0.0099242138471622,40.32378447184606,21.79101843839106,1
User_05,2025-08-22 08:59:47,0.307,0.6067,Flying,Ligeris,Driving_Under_Influence,1way,0,90,5G,-92,59,-3,0.0070846557119399,40.30629093069875,21.808497914654165,1
User_20,2025-08-22 13:33:44,0.625,0.8633,Driving,Koila,Driving_Under_Influence,4way,1,130,116,-117,35,3,0.0011038608698127,40.322458858845046,21.791326982854542,1
User_28,2025-08-22 13:35:07,0.311,0.4858,Walking,Koila,Reckless_Driving,2way,1,60,3G,-110,1,8,0.041,40.32213445723652,21.793588020541005,1
User_07,2025-08-22 15:12:01,0.47,0.6984,Running,Koila,Driving_Under_Influence,4way,1,80,WiFi,-67,54,24,0.0029170271790654,40.32258683510758,21.79077768145365,1
User_59,2025-08-22 15:49:58,0.521,0.5873,Walking,Zep,Reckless_Driving,2way,1,80,107,-58,73,7,0.0025605758473409,40.278440453289186,21.751975453570495,1
User_30,2025-08-22 15:54:14,0.478,0.6701,Walking,Ligeris,Reckless_Driving,2way,0,80,5G,-103,-43,-2,0.0070470368721557,40.30569837464501,21.807705107767273,1
User_91,2025-08-22 16:33:22,0.716,0.6783,Driving,Zep,Speeding,5way,0,50,5G,-117,45,16,0.0096921329514301,40.27888421334332,21.751747037050546,1
User_02,2025-08-22 16:35:36,0.477,0.6634,Driving,Zep,Reckless_Driving,1way,140,10,WiFi,-83,81,-2,0.0031519912795643,40.27991518432912,21.754911783359297,1
User_25,2025-08-22 16:52:24,0.352,0.5313,Walking,Koila,Speeding,1way,140,70,WiFi,-75,28,-11,0.0046461334936527,40.322808739782246,21.790561602183825,1
User_21,2025-08-22 17:44:55,0.256,0.6796,Running,Koila,Driving_Under_Influence,2way,0,50,WiFi,-74,18,23,0.006241268473735,40.32211380126995,21.791056895814616,1
User_64,2025-08-22 18:16:30,0.287,0.4767,Driving,Koila,Speeding,2way,160,70,4G,-80,40,-7,0.001202806301814,40.32202510574384,21.791077417824543,1
User_82,2025-08-22 23:37:57,0.291,0.502,Driving,Zep,Driving_Under_Influence,1way,2,30,5G,-107,46,-16,0.0099599819989092,40.27996008644673,17.588727,1
User_33,2025-08-23 00:02:22,0.554,0.6733,Running,Zep,Driving_Under_Influence,2way,0,20,WiFi,-50,-121,-2,0.0083166456718828,40.27956875379736,21.75341570356864,1
User_62,2025-08-23 00:20:06,0.471,0.577,Driving,Ligeris,Driving_Under_Influence,4way,1,90,WiFi,-62,20,5,0.0092160688198156,42.838747,21.808416443700803,1
User_09,2025-08-24 14:15:09,0.444,0.5737,Walking,Ligeris,Driving_Under_Influence,2way,2,90,4G,-120,26,2,0.0094002772188648,37.011454,21.805471360702793,1
User_08,2025-08-24 18:14:12,0.33,0.7809,Running,Ligeris,Driving_Under_Influence,5way,0,80,3G,-103,38,-16,0.0076363175954582,40.30732124873791,21.808274394973783,1
User_85,2025-08-24 19:13:05,0.653,0.6713,Driving,Ligeris,Driving_Under_Influence,2way,0,80,104,-81,27,13,0.0057006174274495,40.30481939076371,21.80687382168601,1
User_95,2025-08-24 19:40:11,0.36,0.7469,Driving,Koila,Reckless_Driving,2way,0,40,WiFi,-53,64,24,0.0077007490039145,40.32221875606735,21.79142402667132,1
User_05,2025-08-24 20:35:16,0.307,0.6117,Flying,Zep,Driving_Under_Influence,4way,1,40,WiFi,-79,7,1,0.0050016691899453,40.2784617683972,21.753082153323252,1
User_34,2025-08-24 20:42:37,0.466,0.5912,Walking,Ligeris,Speeding,1way,3,40,5G,-115,11,6,0.0096551493152538,42.886035,21.807579186384793,1
User_36,2025-08-24 21:34:39,0.58,0.732,Driving,Koila,Speeding,2way,1,20,5G,-107,60,-1,0.0043548917875755,42.127429,21.791640316532938,1
User_13,2025-08-24 23:50:21,0.738,0.7453,Running,Ligeris,Speeding,2way,0,50,3G,-83,87,12,0.04,40.30601338328119,21.807383850791197,1
User_89,2025-08-25 01:42:30,0.606,0.8642,Walking,Koila,7,2way,1,60,4G,-119,51,-4,0.0095700246990715,40.32254697849646,21.792177300831163,1
User_33,2025-08-25 02:03:45,0.554,0.6783,Driving,Zep,Reckless_Driving,2way,1,30,5G,-96,-40,-11,0.0010285137349031,40.27950778856625,21.751879674189,1
User_46,2025-08-25 02:57:35,0.537,0.7029,Walking,Zep,Reckless_Driving,2way,0,90,118,-74,87,6,0.0033394248524229,40.27800747964212,21.752909506042094,1
User_66,2025-08-25 05:04:39,0.551,0.6099,Driving,Spinari,Reckless_Driving,2way,1,70,WiFi,-86,65,-1,0.0046229480587367,40.32127266989275,21.790524229741372,1
User_15,2025-08-25 06:52:36,0.369,0.5128,Walking,Zep,Driving_Under_Influence,4way,1,10,5G,-97,89,7,0.0064564859429675,40.27805500236768,18.682371,1
User_45,2025-08-25 08:09:56,0.693,0.6684,Running,Koila,Speeding,1way,1,90,WiFi,-75,62,10,0.0048794628978935,40.322017467330575,18.853306,1
User_30,2025-08-25 08:39:00,0.478,0.6751,Driving,Koila,Speeding,2way,0,10,4G,-114,80,-2,0.0036207916443398,40.3234147754431,19.536791,1
User_36,2025-08-25 09:00:18,0.58,0.734,Running,Koila,Driving_Under_Influence,2way,2,10,4G,-88,11,-25,0.0010812194466514,40.32117813180737,21.791874275927142,1
User_70,2025-08-25 09:23:11,0.314,0.6441,Running,Ligeris,8,2way,0,10,WiFi,-56,22,-9,0.0047231173462802,40.30737423822433,21.80744695926495,1
User_88,2025-08-25 09:56:56,0.421,0.8132,Driving,Zep,Speeding,2way,0,30,106,-117,66,-14,0.009247702741067,40.2792221143649,21.75282706439062,1
User_60,2025-08-25 10:35:11,0.669,0.5327,Running,Ligeris,Driving_Under_Influence,4way,0,30,3G,-99,-122,-12,0.006840375051674,40.3063340284929,21.80746662744162,1
User_84,2025-08-25 10:37:24,0.488,0.6634,Driving,Ligeris,Reckless_Driving,1way,150,50,4G,-100,80,-14,0.0084894986578186,40.30686146549193,21.8064011968339,1
User_69,2025-08-25 12:28:03,0.667,0.5781,Driving,Koila,Reckless_Driving,1way,0,90,106,-83,52,-8,0.0033106985143218,40.3213199661221,21.79015128363516,1
User_21,2025-08-25 14:24:35,0.256,0.6846,Running,Ligeris,Driving_Under_Influence,4way,3,20,5G,-115,85,7,0.0055774546137975,37.044978,21.80744001498249,1
User_68,2025-08-25 20:51:50,0.402,0.7037,Walking,Ligeris,Speeding,2way,1,20,118,-89,22,1,0.0010531655871657,40.30659332481298,21.807217787418768,1
User_79,2025-08-25 21:03:08,0.326,0.5619,Running,Koila,Driving_Under_Influence,2way,0,30,5G,-80,90,-14,0.034,40.32113986930373,21.78963818831456,1
User_30,2025-08-25 22:54:48,0.478,0.6761,Running,Koila,Speeding,4way,150,60,5G,-94,58,2,0.0016954634852193,40.32292259681242,21.790743384943465,1
User_86,2025-08-26 02:27:52,0.343,0.6888,Walking,Ligeris,Reckless_Driving,6way,1,50,3G,-81,93,-3,0.0024523742541714,40.3050941942789,21.805921438933133,1
User_11,2025-08-26 02:46:50,0.263,0.8268,Walking,Ligeris,Driving_Under_Influence,1way,1,90,3G,-109,8,-3,0.001564571576996,42.64708,21.805248106613583,1
User_85,2025-08-26 03:31:58,0.653,0.6753,Running,Ligeris,Speeding,2way,0,Harassing_Driver,4G,-77,68,-14,0.0071534713417562,40.3074136072561,21.806588839557115,1
User_26,2025-08-26 05:34:20,0.495,0.7223,Driving,Spinari,Speeding,2way,1,50,5G,-102,41,-16,0.0086278853429652,40.30630257845149,21.807455361100136,1
User_58,2025-08-26 06:23:36,0.744,0.6682,Running,Zep,Driving_Under_Influence,2way,0,130,105,-99,3,-2,0.0067428652637746,40.27950440674921,21.75327955828573,1
User_01,2025-08-26 10:04:59,0.581,0.8477,Driving,Zep,Driving_Under_Influence,4way,0,50,3G,-96,49,-21,0.0016755070273326,40.28045491780204,21.75338091086562,1
User_19,2025-08-26 12:30:20,0.361,0.8098,Walking,Ligeris,Driving_Under_Influence,2way,0,40,3G,-75,24,-5,0.048,40.306355749326315,21.80659821810434,1
User_83,2025-08-26 12:50:04,0.498,0.5587,Running,Center,Driving_Under_Influence,4way,0,70,4G,-73,36,-15,0.0068235625528626,40.323620707930274,21.79164340719207,1
User_41,2025-08-26 14:08:34,0.642,0.8185,Driving,Koila,Reckless_Driving,1way,1,80,3G,-104,52,20,0.0098926781541091,40.32141625619249,21.78960452685863,1
User_75,2025-08-26 14:13:00,0.65,0.7624,Driving,Koila,Reckless_Driving,1way,150,70,WiFi,-77,23,15,0.0089216736849116,40.3220538701836,21.79084469491036,1
User_59,2025-08-26 16:20:45,0.521,0.5953,Running,Zep,Reckless_Driving,2way,0,20,4G,-77,34,1,0.0083904224202844,40.279583775730146,17.599117,1
User_72,2025-08-26 18:34:44,0.359,0.7918,Walking,Koila,Speeding,2way,0,20,3G,-97,52,13,0.0019930287960849,40.322160733267694,22.440727,1
User_53,2025-08-26 21:27:33,0.703,0.6693,Running,Ligeris,9,2way,1,80,5G,-107,91,8,0.00890366410759,40.30572445354482,21.80703391524335,1
User_23,2025-08-26 22:28:37,0.532,0.5447,Walking,Ligeris,Speeding,1way,1,30,WiFi,-59,75,25,0.0072742608214364,40.30445244735746,21.807158345362332,1
User_22,2025-08-27 00:57:27,0.656,0.5776,Driving,Ligeris,Speeding,2way,140,30,3G,-75,93,-2,0.0065617562778172,40.306792718192064,21.80836014205408,1
User_89,2025-08-27 02:10:04,0.606,0.8692,Driving,Ligeris,Speeding,2way,4,20,3G,-102,14,-22,0.009691223292346,40.30655797028127,21.807244664913632,1
User_65,2025-08-27 02:37:10,0.654,0.7332,Walking,Zep,Reckless_Driving,1way,1,50,106,-119,23,-13,0.0046298757074147,40.27850644643052,21.753169663193177,1
User_80,2025-08-27 03:02:48,0.447,0.8036,Driving,Ligeris,Speeding,4way,0,40,WiFi,-88,80,-13,0.041,40.30706375635461,21.808899053741474,1
User_57,2025-08-27 03:11:23,0.592,0.7298,Running,Zep,Driving_Under_Influence,1way,1,70,WiFi,-59,62,-23,0.0030398910911448,40.280351801475504,21.753068679254653,1
User_45,2025-08-27 03:55:21,0.693,0.6724,Walking,Zep,Speeding,2way,0,60,107,-80,62,9,0.006788503455091,40.28014315618773,21.753898258348908,1
User_94,2025-08-27 07:05:03,0.459,0.481,Driving,Center,Driving_Under_Influence,4way,2,20,WiFi,-67,40,1,0.0047388223913286,40.27967051084045,21.753089079640645,1
User_61,2025-08-27 07:18:52,0.304,0.6226,Walking,Koila,Reckless_Driving,2way,0,70,WiFi,-88,-24,0,0.0028845490932075,40.32208523998425,21.791263782982988,1
User_24,2025-08-27 07:23:51,0.354,0.8168,Running,Zep,Reckless_Driving,1way,1,80,5G,-111,43,-13,0.0087713414754201,40.278711447238294,23.729507,1
User_84,2025-08-27 07:57:54,0.488,0.6684,Walking,Koila,Driving_Under_Influence,2way,3,60,111,-113,52,-10,0.0092792453962399,40.32197949939634,21.79125190227904,1
User_80,2025-08-27 09:06:04,0.447,0.8046,Walking,Ligeris,Driving_Under_Influence,2way,0,80,4G,-91,68,-7,0.041,40.30621813849585,21.80728004950624,1
User_91,2025-08-27 13:17:09,0.716,0.6873,Running,Ligeris,7,2way,3,90,5G,-105,80,-13,0.0081360327853736,40.30621143148752,21.80772328752347,1
User_82,2025-08-27 13:23:52,0.291,0.512,Running,Koila,9,1way,1,60,3G,-100,2,13,0.0031632819571434,40.321885562198574,21.791307619745886,1
User_49,2025-08-27 15:44:23,0.462,0.6467,Driving,Zep,Reckless_Driving,6way,0,20,4G,-114,85,-3,0.0086675369294406,40.27965927333869,21.75324206296147,1
User_23,2025-08-27 16:19:59,0.532,0.5467,Running,Koila,9,2way,1,30,4G,-78,15,-7,0.007263447663551,40.32180730707534,21.791682598008546,1
User_42,2025-08-27 18:15:33,0.544,0.8453,Driving,Koila,Driving_Under_Influence,2way,1,50,3G,-108,49,4,0.027,40.32325114092586,21.790425712703588,1
User_54,2025-08-27 22:54:09,0.482,0.8539,Driving,Koila,Driving_Under_Influence,2way,1,60,5G,-77,54,6,0.0075933835970989,40.322704914415255,19.289656,1
User_79,2025-08-27 23:20:48,0.326,0.5659,Running,Center,Driving_Under_Influence,4way,0,20,5G,-110,14,10,0.0030906139768283,40.27900815902754,21.753128432099263,1
User_47,2025-08-27 23:24:53,0.345,0.603,Driving,Spinari,Speeding,4way,1,110,5G,-95,93,11,0.0061213459473221,40.28089700137495,21.75301021473536,1
User_20,2025-08-28 02:45:53,0.625,0.8743,Running,Ligeris,Driving_Under_Influence,1way,1,70,4G,-83,84,3,0.04,40.30638272685785,21.80736649397357,1
User_73,2025-08-28 03:12:24,0.343,0.8493,Driving,Koila,Speeding,1way,160,80,5G,-72,46,15,0.0069343324833264,40.32207699263296,21.791244627169736,1
User_63,2025-08-28 06:15:39,0.549,0.8483,Running,Ligeris,Speeding,2way,0,60,5G,-100,65,15,0.049,40.30579687497066,21.807935303269403,1
User_100,2025-08-28 07:09:59,0.718,0.818,Running,Ligeris,Reckless_Driving,1way,0,60,118,-107,91,-14,0.0077353262666651,40.30593617469512,21.80721842183583,1
User_89,2025-08-28 07:14:48,0.606,0.8702,Driving,Koila,Reckless_Driving,2way,140,20,WiFi,-53,6,-3,0.0035432883633907,40.32285074558985,21.791064846318957,1
User_32,2025-08-28 07:24:54,0.684,0.5783,Running,Ligeris,Speeding,1way,0,30,WiFi,-59,98,-2,0.004554843243843,40.30620565770067,23.931896,1
User_14,2025-08-28 09:52:30,0.533,0.5596,Running,Koila,Speeding,2way,0,50,5G,-85,17,25,0.0012206311761519,40.32059808534748,21.79191905928048,1
User_57,2025-08-28 09:56:22,0.592,0.7318,Running,Ligeris,Reckless_Driving,1way,0,40,3G,-98,64,7,0.0080219299639279,40.305759916145405,17.806908,1
User_36,2025-08-28 10:18:43,0.58,0.74,Walking,Ligeris,Reckless_Driving,2way,1,50,WiFi,-82,32,-3,0.0089531577894422,40.30638820055674,19.738222,1
User_61,2025-08-28 10:27:15,0.304,0.6246,Running,Koila,Driving_Under_Influence,2way,160,70,WiFi,-69,24,11,0.0027164740972446,40.32113312486766,21.792113186275905,1
User_55,2025-08-28 10:37:57,0.3,0.8524,Driving,Center,Driving_Under_Influence,2way,0,30,4G,-73,36,10,0.0019236041807875,40.32234963340599,21.79005094264208,1
User_65,2025-08-28 12:45:36,0.654,0.7352,Flying,Koila,Reckless_Driving,2way,4,110,4G,-93,39,-10,0.0080224785997012,40.3232333283913,21.79100619218871,1
User_58,2025-08-28 13:40:14,0.744,0.6722,Walking,Zep,7,2way,1,50,3G,-87,98,-16,0.0082441506507956,40.27898834395454,21.75438902750996,1
User_41,2025-08-28 13:55:10,0.642,0.8225,Driving,Zep,Reckless_Driving,2way,0,40,5G,-89,93,13,0.0041754530881164,37.20255,21.752885670002385,1
User_86,2025-08-28 15:30:38,0.343,0.6938,Driving,Zep,Speeding,4way,0,80,118,-75,15,-16,0.0029889975180483,40.27899613913862,21.752426136753563,1
User_46,2025-08-28 16:07:14,0.537,0.7099,Walking,Ligeris,6,2way,4,10,5G,-81,77,-4,0.0048248556599723,40.30611409750713,21.807536205143,1
User_53,2025-08-28 16:40:00,0.703,0.6733,Running,Ligeris,Speeding,4way,150,60,WiFi,-54,2,-15,0.0045508197092856,40.30564819526552,21.80730974595794,1
User_20,2025-08-28 17:08:01,0.625,0.8753,Running,Koila,Reckless_Driving,1way,1,130,112,-93,30,2,0.0046136283167993,40.32184261168021,21.79068438983089,1
User_90,2025-08-28 19:18:13,0.395,0.5908,Driving,Koila,Driving_Under_Influence,2way,3,60,3G,-96,-41,-5,0.0074016197461867,40.321016385719325,21.79121618797877,1
User_12,2025-08-28 22:04:50,0.74,0.7621,Driving,Center,Reckless_Driving,2way,0,40,3G,-87,31,9,0.0016534051566397,40.32036326844518,21.79119678292869,1
User_29,2025-08-28 22:34:14,0.603,0.8313,Running,Ligeris,Reckless_Driving,4way,1,80,WiFi,-89,99,10,0.039,40.305953781614626,21.805597867310052,1
User_37,2025-08-28 23:22:23,0.696,0.4947,Running,Zep,Driving_Under_Influence,2way,160,70,WiFi,-79,26,0,0.0020931703015878,40.27872589573461,21.751503703674032,1
User_60,2025-08-29 04:22:20,0.669,0.5407,Running,Center,Speeding,2way,1,50,4G,-72,27,14,0.0010793310032916,40.321833775884606,21.79088478928416,1
User_37,2025-08-29 05:32:16,0.696,0.4967,Running,Koila,Speeding,4way,150,20,3G,-103,24,10,0.005982871992204,40.32247365504976,21.789612007159697,1
User_78,2025-08-29 09:08:00,0.615,0.69,Walking,Ligeris,Reckless_Driving,2way,0,90,3G,-97,16,6,0.0042990224309852,40.30794779450736,23.362824,1
User_48,2025-08-29 10:51:31,0.636,0.6749,Driving,Ligeris,Driving_Under_Influence,2way,0,30,3G,-107,84,-11,0.048,40.307418767228626,21.80661371093303,1
User_44,2025-08-29 13:13:36,0.546,0.7575,Walking,Zep,Reckless_Driving,2way,1,Harassing_Driver,5G,-90,16,5,0.007481861130347,40.280332162229165,21.752632940624505,1
User_100,2025-08-29 15:30:30,0.718,0.82,Driving,Zep,Driving_Under_Influence,4way,1,60,WiFi,-63,43,5,0.0017160885694436,37.658825,21.75419859284635,1
User_16,2025-08-29 15:50:01,0.455,0.7508,Running,Ligeris,Speeding,2way,0,50,WiFi,-86,-121,9,0.0091399579999954,40.30562405766137,21.808206223800426,1
User_96,2025-08-29 16:57:53,0.308,0.6428,Walking,Ligeris,Speeding,1way,140,50,3G,-70,4,-15,0.006000395051395,40.306232903791745,21.80747353001038,1
User_57,2025-08-30 01:00:41,0.592,0.7358,Driving,Ligeris,Speeding,2way,140,50,5G,-74,84,-13,0.0057622862396282,40.307867865068985,21.80744844422644,1
User_92,2025-08-30 01:58:42,0.622,0.4924,Walking,Ligeris,Speeding,4way,140,90,3G,-92,48,-13,0.0015285302942554,40.3055203377419,21.80688437197952,1
User_10,2025-08-30 02:53:50,0.35,0.7735,Driving,Spinari,Reckless_Driving,2way,2,60,WiFi,-81,12,-7,0.0042620391193039,40.32363364978168,21.792341157349387,1
User_98,2025-08-30 03:51:00,0.734,0.629,Driving,Zep,7,2way,0,30,5G,-103,42,-16,0.0090704635590008,40.27839249800077,21.75383122190546,1
User_72,2025-08-30 03:59:21,0.359,0.7998,Driving,Center,Reckless_Driving,2way,1,90,4G,-115,17,-13,0.0092678452652084,40.32267810150664,21.79228370980052,1
User_100,2025-08-30 05:15:14,0.718,0.823,Running,Spinari,Reckless_Driving,1way,1,90,5G,-72,96,0,0.0078890712593726,40.32377192421684,21.791356784181996,1
User_91,2025-08-30 05:23:42,0.716,0.6943,Driving,Ligeris,Reckless_Driving,4way,1,70,WiFi,-66,88,-22,0.0053712242389147,40.30567608901505,21.807515640775968,1
User_22,2025-08-30 06:17:54,0.656,0.5836,Driving,Ligeris,Reckless_Driving,2way,3,20,111,-73,97,-12,0.0098922499110572,40.30696082912165,21.80790678797809,1
User_40,2025-08-30 09:40:54,0.357,0.5701,Running,Zep,Driving_Under_Influence,4way,4,70,4G,-74,-19,4,0.007961875956863,40.28125427917523,21.753511450043888,1
User_25,2025-08-30 11:15:10,0.352,0.5473,Driving,Zep,Driving_Under_Influence,2way,1,50,WiFi,-65,-125,12,0.0065069780603975,40.279576576040235,21.751275603962103,1
User_42,2025-08-30 14:25:55,0.544,0.8513,Running,Ligeris,Driving_Under_Influence,1way,160,30,3G,-108,24,6,0.0015023500097714,40.3070037614708,21.806584453907412,1
User_58,2025-08-30 15:58:11,0.744,0.6762,Running,Koila,Driving_Under_Influence,1way,0,60,4G,-114,66,1,0.035,40.32136043980869,21.790030976575313,1
User_08,2025-08-30 16:37:39,0.33,0.7939,Walking,Koila,Speeding,2way,5,30,3G,-83,39,13,0.00508819410611,40.32098179650659,17.048492,1
User_79,2025-08-30 18:21:05,0.326,0.5709,Driving,Zep,Speeding,5way,0,20,3G,-120,0,-12,0.0017768107583562,40.28008152714096,21.753737792480557,1
User_53,2025-08-30 18:34:10,0.703,0.6763,Running,Zep,Reckless_Driving,5way,4,50,5G,-94,53,-4,0.0081107990680794,40.280684117028,21.75507329200258,1
User_71,2025-08-30 18:58:57,0.259,0.7442,Running,Zep,7,4way,0,30,4G,-89,86,8,0.0024361425633415,40.2810435889591,21.75383085147395,1
User_10,2025-08-30 19:37:09,0.35,0.7745,Walking,Ligeris,Speeding,2way,1,40,WiFi,-85,91,-4,0.0064828591767008,40.30615304104504,17.32349,1
User_62,2025-08-30 20:44:08,0.471,0.592,Running,Ligeris,Speeding,1way,3,80,3G,-77,-20,6,0.00708006138818,40.30658514285037,21.806381830431604,1
User_26,2025-08-30 23:46:30,0.495,0.7313,Driving,Ligeris,Driving_Under_Influence,5way,3,10,5G,-96,42,14,0.0028952993100177,40.30623675607949,21.807823632345528,1
User_14,2025-08-31 01:47:22,0.533,0.5666,Walking,Zep,Speeding,2way,1,10,4G,-92,82,7,0.0061212074788725,38.103953,21.75402578048202,1
User_72,2025-08-31 03:20:31,0.359,0.8018,Flying,Ligeris,Driving_Under_Influence,2way,0,40,3G,-83,61,3,0.0043471719037532,40.306540418994686,21.8077700150498,1
User_01,2025-08-31 03:38:35,0.581,0.8577,Walking,Ligeris,Reckless_Driving,2way,150,50,WiFi,-84,76,-15,0.0053729705503717,40.3061566928547,21.807374847903223,1
User_67,2025-08-31 07:22:00,0.692,0.7241,Walking,Zep,Driving_Under_Influence,4way,0,30,WiFi,-50,17,3,0.0054951906199991,41.31747,21.754359573104885,1
User_65,2025-08-31 08:17:05,0.654,0.7412,Running,Zep,8,4way,0,70,5G,-107,37,-13,0.0041469765996955,40.28043426616872,21.753652743204537,1
User_36,2025-08-31 09:39:36,0.58,0.745,Walking,Ligeris,Driving_Under_Influence,2way,1,40,WiFi,-80,-126,-12,0.0013016720302489,40.30589116356924,21.80895189300891,1
User_71,2025-08-31 09:51:01,0.259,0.7452,Running,Ligeris,Driving_Under_Influence,2way,0,20,4G,-87,-10,-5,0.0019511026617107,40.30604360014308,21.80741875413937,1
User_75,2025-08-31 10:47:05,0.65,0.7724,Walking,Center,Reckless_Driving,1way,0,50,3G,-90,44,13,0.0024940437336812,40.306192187738105,21.807477887646183,1
User_90,2025-08-31 11:57:38,0.395,0.5968,Driving,Ligeris,Speeding,1way,1,70,4G,-118,-34,13,0.0079896901417463,40.30590215965843,21.805608266035495,1
User_55,2025-08-31 12:23:01,0.3,0.8594,Running,Zep,Speeding,4way,0,90,5G,-97,87,7,0.0035705664406533,40.27951890755214,22.259807,1
User_30,2025-08-31 13:21:07,0.478,0.6881,Walking,Zep,Speeding,2way,150,80,WiFi,-90,79,-11,0.004672786496528,40.27993850639177,21.755011646615415,1
User_45,2025-08-31 13:31:28,0.693,0.6804,Running,Zep,Reckless_Driving,2way,1,40,4G,-101,67,5,0.0053310864156328,40.27952363576233,17.535981,1
User_07,2025-08-31 14:27:48,0.47,0.7164,Driving,Zep,7,4way,1,80,4G,-91,53,-8,0.0043443741185493,40.2800352912128,21.75236766940364,1
User_56,2025-08-31 15:43:08,0.449,0.8226,Walking,Ligeris,Driving_Under_Influence,1way,1,90,4G,-84,93,-9,0.038,40.30801613811827,21.80773838067916,1
User_28,2025-08-31 16:32:54,0.311,0.5038,Walking,Koila,Driving_Under_Influence,2way,0,50,113,-80,74,6,0.008606044922189,40.32168827924278,21.79020568200642,1
User_13,2025-08-31 19:56:27,0.738,0.7593,Driving,Koila,Driving_Under_Influence,6way,0,20,5G,-117,3,11,0.0041234373953567,40.32179676463833,21.792117193256843,1
User_39,2025-08-31 20:34:43,0.297,0.8134,Flying,Zep,Driving_Under_Influence,4way,1,60,WiFi,-51,89,-15,0.0087471520475508,40.279641266334345,21.753116158268167,1
User_59,2025-08-31 22:55:10,0.521,0.6053,Driving,Ligeris,Speeding,2way,1,40,4G,-119,51,-12,0.026,40.30637383156079,21.808436135414052,1
User_87,2025-08-31 23:07:52,0.64,0.7915,Running,Ligeris,Reckless_Driving,4way,0,90,4G,-105,25,-11,0.0021812833496497,41.322868,21.808948247078483,1
User_99,2025-09-01 01:04:30,0.622,0.6514,Running,Zep,9,4way,2,50,3G,-114,6,-8,0.0051940457376121,40.278840941543926,21.754308446797648,1
User_90,2025-09-01 01:11:41,0.395,0.5978,Driving,Koila,Speeding,5way,1,30,5G,-75,42,-3,0.0072704088111605,40.32247369203969,21.79110694367527,1
User_13,2025-09-01 01:39:10,0.738,0.7603,Walking,Zep,Reckless_Driving,1way,1,60,WiFi,-60,42,-4,0.032,40.27951773376765,21.7532690874686,1
User_38,2025-09-01 02:33:41,0.497,0.7576,Walking,Koila,Speeding,4way,150,50,5G,-73,6,0,0.0026027421895954,40.322021486586706,21.791568671284875,1
User_03,2025-09-01 03:19:53,0.47,0.7882,Driving,Ligeris,Driving_Under_Influence,2way,0,10,WiFi,-77,76,-6,0.008024242306535,41.412062,21.808961621461975,1
User_31,2025-09-01 04:43:25,0.293,0.8857,Running,Ligeris,Driving_Under_Influence,4way,0,40,WiFi,-55,63,13,0.0077085509274312,42.916584,21.80579308029457,1
User_54,2025-09-01 07:06:25,0.482,0.8629,Walking,Koila,Driving_Under_Influence,2way,0,80,3G,-74,38,-24,0.0081281369723352,40.32179279325013,21.78952762014801,1
User_92,2025-09-01 08:37:02,0.622,0.4974,Running,Spinari,Driving_Under_Influence,4way,2,80,3G,-90,82,-8,0.008973877649268,40.30721881134323,21.80839119954158,1
User_61,2025-09-01 08:40:05,0.304,0.6326,Walking,Koila,Speeding,2way,0,20,WiFi,-61,67,10,0.0036393676779435,41.885139,21.790027340026867,1
User_95,2025-09-01 09:36:51,0.36,0.7619,Flying,Koila,Driving_Under_Influence,1way,0,70,4G,-111,97,5,0.0025282427097632,40.32206992009861,21.79105349671528,1
User_74,2025-09-01 11:43:40,0.564,0.657,Walking,Ligeris,Reckless_Driving,2way,0,70,4G,-108,-47,-8,0.0090942224049201,40.30588869934734,21.80775276545864,1
User_62,2025-09-01 13:45:30,0.471,0.595,Flying,Koila,Driving_Under_Influence,2way,0,10,3G,-74,16,0,0.0034555328131735,40.323499358125275,21.79140465719109,1
User_27,2025-09-01 14:18:01,0.33,0.692,Running,Ligeris,Speeding,2way,4,30,4G,-97,21,20,0.0017861065444564,40.30661323549918,21.806995396394875,1
User_23,2025-09-01 14:55:38,0.532,0.5557,Swimming,Koila,Speeding,4way,0,50,3G,-86,72,-13,0.001749666497098,40.322035707219065,21.79135602536182,1
User_81,2025-09-01 15:05:02,0.307,0.5783,Driving,Ligeris,Driving_Under_Influence,1way,0,Harassing_Driver,5G,-106,78,-10,0.0079531453640745,40.30793393690695,21.80723034564661,1
User_59,2025-09-01 16:03:42,0.521,0.6073,Walking,Zep,Driving_Under_Influence,2way,1,70,3G,-118,25,20,0.0073646007860541,40.278795909119694,21.75538842397677,1
User_10,2025-09-01 17:33:30,0.35,0.7775,Walking,Koila,Driving_Under_Influence,2way,2,70,WiFi,-78,98,15,0.0076661078607591,40.32200599352425,19.55374,1
User_37,2025-09-01 18:53:24,0.696,0.5027,Walking,Spinari,Speeding,4way,1,30,5G,-104,38,15,0.0053838207560961,40.27926194454051,21.753555552974547,1
User_58,2025-09-01 21:45:26,0.744,0.6802,Running,Koila,Driving_Under_Influence,2way,2,10,4G,-97,5,-3,0.035,40.32179917707386,21.791399573011383,1
User_05,2025-09-01 21:51:05,0.307,0.6277,Running,Center,Driving_Under_Influence,2way,1,80,3G,-77,81,4,0.0036723019753507,40.30667724209323,21.806478842986387,1
User_55,2025-09-01 22:04:31,0.3,0.8614,Walking,Koila,Speeding,6way,1,50,WiFi,-67,66,10,0.0047320823758272,40.32107554169381,21.792818320474034,1
User_23,2025-09-01 22:08:00,0.532,0.5567,Driving,Ligeris,Reckless_Driving,1way,0,10,4G,-85,74,23,0.0052329392973101,40.305849166385144,21.807224509104017,1
User_72,2025-09-02 01:21:02,0.359,0.8058,Walking,Koila,Speeding,1way,5,50,4G,-114,70,-22,0.0071838095405264,40.32043535099922,21.791962107186453,1
User_96,2025-09-02 01:54:17,0.308,0.6498,Running,Ligeris,7,2way,1,60,3G,-70,27,16,0.0095591705375813,40.30552812078414,21.8095146560694,1
User_94,2025-09-02 02:15:47,0.459,0.493,Running,Ligeris,Driving_Under_Influence,2way,0,30,115,-106,65,5,0.0075875119238317,40.30567498214247,21.80621580370837,1
User_97,2025-09-02 02:16:34,0.737,0.7016,Driving,Ligeris,Reckless_Driving,5way,0,50,4G,-113,91,-16,0.0013936834350225,40.30732289817812,21.808133872930572,1
User_69,2025-09-02 06:36:44,0.667,0.5941,Walking,Koila,Driving_Under_Influence,2way,1,Harassing_Driver,3G,-80,89,-6,0.0052350540755231,40.32226259099734,21.789160157221925,1
User_80,2025-09-02 07:07:37,0.447,0.8156,Running,Ligeris,Reckless_Driving,2way,0,30,WiFi,-77,22,-16,0.001800252886229,40.306291971751854,18.307489,1
User_37,2025-09-02 08:46:38,0.696,0.5047,Running,Ligeris,Speeding,1way,160,40,5G,-90,29,-6,0.0036733082622203,40.30792745224935,21.807900102847732,1
User_55,2025-09-02 09:08:27,0.3,0.8634,Running,Ligeris,Reckless_Driving,2way,0,30,4G,-110,100,-25,0.0055035495439455,40.30634548215888,21.807115050687106,1
User_60,2025-09-02 09:14:34,0.669,0.5497,Walking,Zep,Speeding,5way,0,60,3G,-110,16,15,0.0043388911129375,40.279274279776814,21.75308414794818,1
User_44,2025-09-02 09:31:14,0.546,0.7645,Flying,Zep,Reckless_Driving,1way,2,70,3G,-76,60,-11,0.0028830564622508,40.28032414790432,21.755355434376764,1
User_73,2025-09-02 12:50:52,0.343,0.8603,Flying,Ligeris,Reckless_Driving,1way,1,40,5G,-105,28,2,0.0064777202929593,40.30595452526011,21.8085072390817,1
User_80,2025-09-02 12:53:19,0.447,0.8166,Running,Koila,Driving_Under_Influence,4way,1,Harassing_Driver,3G,-94,92,3,0.003329829170084,40.322815067781725,21.79144453227712,1
User_76,2025-09-02 15:30:25,0.251,0.6492,Flying,Ligeris,Speeding,4way,0,50,4G,-114,40,-12,0.0059262086267536,40.30664132443041,21.806801923669155,1
User_47,2025-09-02 17:01:38,0.345,0.615,Driving,Koila,Speeding,2way,0,80,3G,-89,24,-14,0.0035405147973416,38.445752,21.790894002677422,1
User_84,2025-09-02 18:27:12,0.488,0.6804,Running,Ligeris,Driving_Under_Influence,1way,1,70,3G,-102,85,-10,0.026,40.30622818349008,21.80749512087588,1
User_92,2025-09-02 18:40:08,0.622,0.4994,Running,Spinari,Driving_Under_Influence,2way,1,70,5G,-99,38,-10,0.0074332740936999,40.32087294864451,21.79021089956328,1
User_12,2025-09-02 19:45:20,0.74,0.7711,Driving,Zep,Reckless_Driving,4way,0,70,4G,-94,92,6,0.0089621840842763,40.279041153047785,17.27774,1
User_11,2025-09-02 21:20:35,0.263,0.8408,Driving,Ligeris,Speeding,2way,1,30,118,-76,0,-1,0.0058426711805035,40.3061054698017,21.807422852497208,1
User_04,2025-09-02 22:32:39,0.619,0.8155,Driving,Koila,Driving_Under_Influence,2way,3,40,5G,-84,73,1,0.032,40.3223875344733,21.791516125704835,1
User_05,2025-09-02 23:09:56,0.307,0.6297,Walking,Ligeris,Reckless_Driving,2way,1,90,5G,-86,27,10,0.037,40.305034275790945,21.809088597018803,1
User_50,2025-09-03 01:43:31,0.395,0.7154,Running,Ligeris,Driving_Under_Influence,2way,140,20,WiFi,-87,65,-11,0.009638327931334,40.306252797484774,21.80752475081858,1
User_11,2025-09-03 02:32:44,0.263,0.8428,Walking,Zep,Driving_Under_Influence,4way,1,20,3G,-117,-27,-14,0.00579090834823,40.28065189041001,21.7542590800919,1
User_88,2025-09-03 04:22:15,0.421,0.8312,Walking,Zep,Driving_Under_Influence,2way,0,50,5G,-75,99,-21,0.0035126199527114,40.27959958661898,21.753310789999233,1
User_30,2025-09-03 04:26:05,0.478,0.6931,Running,Koila,Driving_Under_Influence,4way,0,10,WiFi,-67,78,13,0.03,40.32194764174167,21.790647503861468,1
User_40,2025-09-03 06:32:44,0.357,0.5781,Running,Ligeris,Driving_Under_Influence,1way,0,30,118,-120,84,-2,0.0018077255417758,40.30696401834361,21.805627533555207,1
User_37,2025-09-03 07:10:25,0.696,0.5057,Running,Koila,Reckless_Driving,1way,2,60,4G,-83,-45,-8,0.0035450738221465,40.32203945969501,21.791387272545887,1
User_95,2025-09-03 08:24:46,0.36,0.7659,Running,Ligeris,Driving_Under_Influence,5way,0,60,5G,-96,9,-2,0.0014974420747818,40.30604019036424,21.808336442362187,1
User_38,2025-09-03 08:35:38,0.497,0.7626,Walking,Ligeris,Speeding,1way,1,20,WiFi,-73,73,22,0.0081959572546812,40.30625685916204,21.807514505319972,1
User_78,2025-09-03 08:37:30,0.615,0.699,Swimming,Koila,Reckless_Driving,4way,1,40,WiFi,-81,16,16,0.0022381747951758,40.32155242591636,21.79122135744123,1
User_51,2025-09-03 09:37:59,0.574,0.6253,Running,Zep,8,4way,3,50,4G,-89,90,0,0.0064134925998509,40.27995693271021,21.75419866275856,1
User_42,2025-09-03 11:58:29,0.544,0.8583,Running,Zep,Reckless_Driving,2way,0,80,113,-57,67,14,0.0054682402822634,40.27942029589168,21.7529314173048,1
User_06,2025-09-03 13:05:11,0.573,0.7187,Driving,Ligeris,Reckless_Driving,2way,1,20,3G,-95,36,15,0.047,40.30630184922791,21.807601982934532,1
User_69,2025-09-03 14:36:51,0.667,0.5961,Driving,Spinari,Speeding,2way,0,70,5G,-81,71,6,0.0065236648593821,40.27990583792783,21.751461627602954,1
User_27,2025-09-03 15:07:16,0.33,0.696,Running,Ligeris,Speeding,4way,0,10,115,-76,39,-15,0.0077995488440061,40.30608976016654,21.806824528020467,1
User_67,2025-09-03 15:31:21,0.692,0.7311,Running,Zep,Driving_Under_Influence,2way,1,70,3G,-78,43,-12,0.046,40.280506472608664,21.754950801925684,1
User_68,2025-09-03 17:42:40,0.402,0.7217,Running,Ligeris,Reckless_Driving,4way,0,80,3G,-117,87,15,0.0054142153181611,40.30583784569005,23.441416,1
User_98,2025-09-03 20:48:41,0.734,0.638,Running,Koila,Speeding,5way,0,20,5G,-72,23,11,0.0088657049302851,40.32342786506333,21.79230700851049,1
User_72,2025-09-03 21:40:31,0.359,0.8088,Running,Zep,9,1way,1,80,5G,-74,8,11,0.001379491915461,40.279985251467245,21.75125966051636,1
User_56,2025-09-03 22:12:45,0.449,0.8296,Driving,Ligeris,Reckless_Driving,4way,4,50,WiFi,-72,99,16,0.0025688174734684,41.367394,21.80703415903548,1
User_64,2025-09-04 00:32:12,0.287,0.5017,Flying,Zep,Driving_Under_Influence,2way,1,40,WiFi,-81,85,12,0.0075373750220069,40.278742787412426,21.753910869359512,1
User_24,2025-09-04 01:20:59,0.354,0.8318,Driving,Zep,Reckless_Driving,2way,2,30,5G,-112,89,-9,0.0010852767371852,42.121269,21.75291861516825,1
User_22,2025-09-04 03:21:39,0.656,0.5936,Walking,Koila,Driving_Under_Influence,4way,2,50,4G,-83,40,14,0.0033019508648869,41.156741,21.78989626750804,1
User_95,2025-09-04 03:33:33,0.36,0.7679,Driving,Koila,Reckless_Driving,2way,1,50,4G,-82,72,-5,0.002193025681251,40.32124078839718,23.477257,1
User_05,2025-09-04 03:49:50,0.307,0.6327,Flying,Koila,Reckless_Driving,1way,0,60,WiFi,-78,81,10,0.0085015417934287,40.32326567004006,21.791612198633075,1
User_26,2025-09-04 04:59:58,0.495,0.7403,Running,Ligeris,Speeding,4way,1,10,WiFi,-58,88,9,0.0018711472021348,40.30789580816596,23.981957,1
User_77,2025-09-04 11:26:42,0.369,0.5793,Driving,Zep,7,2way,0,50,WiFi,-82,21,16,0.0018546569829221,40.27980163406736,21.753769404226368,1
User_17,2025-09-04 13:38:32,0.439,0.8666,Swimming,Zep,Speeding,1way,0,40,3G,-97,96,-15,0.001538963890694,40.28019043898588,21.754738198344132,1
User_70,2025-09-04 15:06:52,0.314,0.6641,Running,Zep,Reckless_Driving,2way,0,50,4G,-109,-30,-16,0.0016876440043737,40.28053067015068,21.75325012963241,1
User_12,2025-09-04 15:24:50,0.74,0.7761,Driving,Ligeris,Reckless_Driving,5way,1,30,3G,-73,51,8,0.0085230588559986,40.30619005327869,21.80763530888716,1
User_09,2025-09-04 16:31:18,0.444,0.5957,Driving,Zep,6,2way,0,60,3G,-91,95,10,0.0032102809247626,40.279892804536416,21.75272637306488,1
User_66,2025-09-04 17:36:38,0.551,0.6289,Driving,Center,Reckless_Driving,2way,0,40,3G,-116,9,-13,0.0011657640887341,40.2795279716233,21.753322770681027,1
User_96,2025-09-04 17:55:53,0.308,0.6548,Flying,Ligeris,Driving_Under_Influence,4way,0,10,3G,-82,66,2,0.0082222481073569,40.30539767131376,21.8086087807079,1
User_95,2025-09-04 17:58:06,0.36,0.7689,Walking,Ligeris,Reckless_Driving,2way,2,20,5G,-80,2,-2,0.041,40.3053576954595,21.80938989670854,1
User_79,2025-09-04 19:10:52,0.326,0.5809,Driving,Ligeris,Speeding,1way,2,40,WiFi,-58,53,-4,0.034,40.305493783066034,21.80947067662872,1
User_51,2025-09-04 20:49:14,0.574,0.6283,Swimming,Zep,Driving_Under_Influence,1way,1,70,4G,-105,84,9,0.0097812260860473,40.27808471390907,21.754536040018696,1
User_74,2025-09-04 23:29:36,0.564,0.663,Running,Ligeris,9,2way,5,90,WiFi,-61,46,14,0.0011196728479832,40.30508408265892,21.807914344819952,1
User_15,2025-09-05 01:17:48,0.369,0.5348,Running,Zep,Driving_Under_Influence,1way,4,30,4G,-83,33,-5,0.039,40.27995362894389,21.751292601996617,1
User_02,2025-09-05 04:01:34,0.477,0.6904,Running,Koila,Reckless_Driving,2way,0,30,118,-120,76,16,0.0045791376167164,40.3236896111972,21.79058567256958,1
User_42,2025-09-05 04:27:43,0.544,0.8623,Walking,Ligeris,Reckless_Driving,2way,0,90,4G,-113,87,-4,0.029,40.306657526479555,21.807983510753942,1
User_89,2025-09-05 04:29:05,0.606,0.8862,Running,Koila,Reckless_Driving,1way,3,50,WiFi,-67,-25,12,0.0026662584156113,40.32263027686679,21.7892302086294,1
User_60,2025-09-05 06:55:03,0.669,0.5547,Running,Koila,Reckless_Driving,2way,0,80,5G,-71,41,24,0.0032848649205192,40.32298947438311,21.79070072462806,1
User_82,2025-09-05 07:48:34,0.291,0.53,Walking,Ligeris,Reckless_Driving,1way,1,80,4G,-73,73,7,0.0039330981368881,40.30528972079903,23.520865,1
User_27,2025-09-05 09:11:24,0.33,0.699,Running,Ligeris,Speeding,4way,4,90,WiFi,-86,83,-6,0.031,40.30677474030801,21.805533071263696,1
User_53,2025-09-05 12:16:19,0.703,0.6883,Driving,Ligeris,Driving_Under_Influence,2way,0,40,117,-79,15,3,0.0035077471774214,40.30667831348063,21.808471079305267,1
User_67,2025-09-05 12:19:07,0.692,0.7351,Running,Koila,Speeding,1way,150,30,4G,-120,84,10,0.0068863654597096,40.32187756570531,21.791545358338546,1
User_56,2025-09-05 12:40:00,0.449,0.8326,Flying,Zep,Reckless_Driving,4way,2,60,4G,-100,67,-6,0.0077165600358857,40.28030423756517,21.752148757928826,1
User_97,2025-09-05 13:44:55,0.737,0.7076,Running,Koila,Speeding,1way,0,60,3G,-70,95,2,0.0028936488889038,38.34025,21.791490711050372,1
User_31,2025-09-05 14:00:18,0.293,0.8947,Flying,Zep,Speeding,2way,1,30,WiFi,-55,55,2,0.0030344270820881,40.280872272857195,21.75449685198043,1
User_33,2025-09-05 15:14:39,0.554,0.6993,Driving,Ligeris,Driving_Under_Influence,4way,0,30,4G,-106,24,1,0.0086912118158643,38.569069,21.80932219381652,1
User_62,2025-09-05 17:08:20,0.471,0.603,Driving,Zep,Driving_Under_Influence,1way,0,50,4G,-70,41,25,0.003053262114996,40.2798329503512,21.75298844268741,1
User_74,2025-09-05 17:43:46,0.564,0.664,Running,Spinari,Speeding,4way,0,70,5G,-113,21,-5,0.0040624462102688,40.32211142255369,21.79127227960598,1
User_90,2025-09-05 18:10:04,0.395,0.6068,Driving,Ligeris,Reckless_Driving,2way,0,30,3G,-109,53,8,0.0031008972015244,40.30615286285134,18.551327,1
User_97,2025-09-05 18:43:25,0.737,0.7086,Walking,Spinari,Reckless_Driving,2way,0,40,3G,-108,38,1,0.002112808937307,40.27918594643386,21.75313903388486,1
User_57,2025-09-05 19:53:38,0.592,0.7488,Flying,Zep,Speeding,1way,2,40,WiFi,-69,69,-16,0.0049108541005494,40.279847894200934,21.75422647977999,1
User_09,2025-09-05 21:57:40,0.444,0.5977,Running,Ligeris,Driving_Under_Influence,4way,3,10,5G,-108,33,-22,0.0074658719251131,40.306240462452024,21.807428175603615,1
User_83,2025-09-05 23:10:52,0.498,0.5787,Running,Zep,Speeding,2way,0,90,5G,-101,20,-7,0.04,40.279186369947155,21.75282655440062,1
User_100,2025-09-05 23:56:22,0.718,0.835,Swimming,Koila,Reckless_Driving,2way,2,10,4G,-74,21,7,0.0048597957413462,40.32175283428746,21.79227406803836,1
User_26,2025-09-06 00:45:15,0.495,0.7443,Driving,Zep,Driving_Under_Influence,2way,0,60,WiFi,-87,46,10,0.0081503466859201,38.532413,21.754092297800728,1
User_04,2025-09-06 02:08:26,0.619,0.8225,Driving,Ligeris,Reckless_Driving,1way,4,Harassing_Driver,WiFi,-81,89,8,0.0051110762472387,40.30622437049072,21.807688951083556,1
