User_Id,Timestamp,User_Reputation,User_Experience,User_Activity,University_Area,Violation_Type,Road_Type,Road_Accident,Speed_Limit,Internet_Connection,Internet_Signal_Strength,Battery_Percentage,Accelerometer_Range,Accelerometer_Resolution,Latitude,Longitude,True_Class
User_76,2025-01-01 15:44:20,0.251,0.1622,Running,Ligeris,Speeding,2way,0,30,5G,-110,44,3,0.001860261696579,40.305718759800975,21.80882879600748,Normal
User_92,2025-01-03 04:58:53,0.622,0.0144,Running,Zep,Speeding,2way,1,30,5G,-95,66,-21,0.0072636539502458,40.27943662502311,21.752076024717045,Unintentional
User_100,2025-01-03 09:27:15,0.718,0.345,Driving,Zep,Driving_Under_Influence,2way,1,80,WiFi,-74,92,-7,0.0026319083286588,40.27922257163295,21.753530685210432,Normal
User_19,2025-01-04 20:29:42,0.361,0.3418,Running,Koila,Reckless_Driving,2way,0,60,WiFi,-63,3,-9,0.0020260745036773,40.321129405739136,21.79261499255685,Normal
User_39,2025-01-05 02:46:05,0.297,0.3364,Running,Koila,Driving_Under_Influence,4way,0,10,WiFi,-71,7,-2,0.0046282441760012,40.32222691969608,21.79350907020173,Normal
User_93,2025-01-05 03:41:15,0.333,0.3953,Running,Zep,Reckless_Driving,4way,0,40,3G,-79,10,16,0.0090437388194448,40.279705445173505,21.752954499174233,Normal
User_32,2025-01-07 03:41:04,0.684,0.1123,Driving,Ligeris,Speeding,4way,2,80,WiFi,-57,57,5,0.0048129148469791,40.305359966849245,21.80763510045035,Normal
User_90,2025-01-07 09:22:32,0.395,0.1238,Driving,Koila,Driving_Under_Influence,2way,1,30,WiFi,-90,67,15,0.0075466948777177,40.3222299019336,21.793148886342713,Normal
User_68,2025-01-08 21:43:44,0.402,0.2447,Driving,Ligeris,Speeding,2way,2,30,4G,-80,72,1,0.0059477004096584,40.30643778611977,21.807234891321773,Normal
User_05,2025-01-09 20:10:47,0.307,0.1567,Walking,Koila,Driving_Under_Influence,2way,0,20,3G,-76,58,4,0.0077050188111218,40.322688513724934,21.791553399736216,Normal
User_92,2025-01-10 01:46:33,0.622,0.0284,Running,Koila,Reckless_Driving,1way,0,100,3G,-88,13,12,0.0036318304747371,40.32087009813166,21.79199627425145,Normal
User_61,2025-01-12 12:54:07,0.304,0.1696,Driving,Ligeris,Reckless_Driving,2way,1,80,WiFi,-53,81,4,0.0057446488934268,40.30551853161572,21.805499042334915,Normal
User_91,2025-01-12 13:04:58,0.716,0.2343,Running,Ligeris,Speeding,1way,0,20,3G,-78,13,-16,0.0064443342317958,40.30737926112522,21.80884950507012,Normal
User_18,2025-01-13 23:22:54,0.669,0.1844,Running,Koila,Reckless_Driving,2way,0,40,4G,-82,94,11,0.0033182604870865,40.32132772590124,21.790558200545423,Normal
User_79,2025-01-14 05:13:04,0.326,0.1149,Walking,Zep,Reckless_Driving,2way,0,20,3G,-114,45,-7,0.0089399276468044,40.278742349217694,21.75284877074005,Normal
User_69,2025-01-14 10:34:59,0.667,0.1321,Running,Koila,Speeding,4way,0,30,5G,-71,31,15,0.0012217332008058,40.32308192987155,21.789421321763648,Normal
User_99,2025-01-14 21:17:01,0.622,0.1924,Running,Koila,Reckless_Driving,1way,0,60,3G,-72,1,-13,0.0089699949936346,40.32269732116776,21.792377727382156,Normal
User_56,2025-01-16 17:18:16,0.449,0.3696,Driving,Koila,Speeding,2way,0,30,3G,-79,16,14,0.0020310367710257,40.322178017426246,21.79134809282211,Normal
User_75,2025-01-18 21:50:43,0.65,0.3224,Driving,Koila,Reckless_Driving,2way,3,70,WiFi,-70,25,6,0.0023405810596312,40.32226464870076,21.791900572343724,Normal
User_84,2025-01-19 14:08:29,0.488,0.2284,Walking,Ligeris,Driving_Under_Influence,4way,4,20,WiFi,-85,54,5,0.0020798632348999,40.30753027920304,21.807442960491414,Normal
User_16,2025-01-21 08:45:14,0.455,0.3118,Walking,Koila,Reckless_Driving,2way,2,30,3G,-120,-24,8,0.0025200713520765,40.322712946638866,21.792979940343898,Normal
User_02,2025-01-22 03:33:15,0.477,0.2394,Running,Koila,Driving_Under_Influence,2way,1,30,3G,-87,61,2,0.0039956663823003,40.32236975587262,21.791132025611997,Normal
User_98,2025-01-23 01:51:29,0.734,0.191,Driving,Koila,Reckless_Driving,2way,4,60,WiFi,-52,67,-15,0.0020832595159556,40.32238730418856,21.79131748295384,Normal
User_26,2025-01-24 01:29:58,0.495,0.2943,Driving,Zep,Speeding,4way,2,50,WiFi,-54,16,13,0.0032095084446373,40.27936089384057,21.7523969871836,Normal
User_11,2025-01-25 01:41:24,0.263,0.4008,Walking,Zep,8,2way,2,20,3G,-78,48,8,0.0033420603374166,40.27943315965122,21.755379382144643,Normal
User_63,2025-01-25 21:50:09,0.549,0.4183,Driving,Zep,Reckless_Driving,2way,1,30,4G,-110,74,-13,0.0061714614864695,40.27843119918263,21.7542365245211,Normal
User_81,2025-01-26 06:26:18,0.307,0.1423,Walking,Zep,Speeding,2way,1,60,3G,-107,59,-9,0.0069946922641545,40.278791549562946,21.75503781475755,Normal
User_60,2025-01-26 08:59:34,0.669,0.1107,Running,Zep,Speeding,1way,0,70,5G,-102,62,7,0.0089635274028186,40.27862310439781,21.75320641414409,Normal
User_27,2025-01-26 12:42:06,0.33,0.256,Walking,Koila,Reckless_Driving,2way,1,40,5G,-100,20,-9,0.0071411341140391,40.321976371211235,21.792900465594805,Normal
User_06,2025-01-28 02:52:47,0.573,0.2837,Driving,Zep,Driving_Under_Influence,2way,2,60,4G,-101,97,-11,0.0083573410829855,40.28060012300904,21.754456758847088,Normal
User_47,2025-01-28 09:30:06,0.345,0.18,Walking,Ligeris,Reckless_Driving,2way,2,50,WiFi,-52,50,-4,0.0044640393417307,40.30619128295885,21.807597260745272,Normal
User_77,2025-01-28 19:23:26,0.369,0.1413,Driving,Zep,Driving_Under_Influence,2way,0,40,5G,-95,5,-1,0.0064196528905368,40.27978940491451,21.753108162445788,Normal
User_05,2025-01-29 10:41:17,0.307,0.1967,Walking,Zep,Driving_Under_Influence,2way,0,20,3G,-107,33,-15,0.0047196791122124,40.27930677558249,21.753383039565435,Normal
User_44,2025-01-29 23:59:53,0.546,0.3335,Driving,Koila,Driving_Under_Influence,1way,1,70,5G,-81,77,10,0.0089716703327888,40.322301287879405,21.791852659112266,Normal
User_43,2025-01-30 06:26:25,0.407,0.3374,Driving,Ligeris,Speeding,4way,2,30,3G,-111,92,16,0.0083625607027389,40.306287245064915,21.806362108979467,Normal
User_85,2025-01-30 08:31:36,0.653,0.2593,Walking,Zep,Speeding,4way,0,20,3G,-91,29,0,0.0076006206938829,40.278427724226184,21.75505240251594,Normal
User_66,2025-01-30 12:55:53,0.551,0.1949,Walking,Koila,Speeding,2way,1,80,WiFi,-76,43,8,0.041,40.32230052427372,21.79270799289579,Unintentional
User_13,2025-01-30 17:46:33,0.738,0.3323,Driving,Zep,Reckless_Driving,1way,1,70,4G,-111,69,-9,0.0042704193956736,40.278750302434574,21.752531367201115,Normal
User_46,2025-01-31 00:07:56,0.537,0.2909,Running,Ligeris,Reckless_Driving,4way,1,10,3G,-99,82,-8,0.0093489781260727,40.30576944991629,21.80777769387318,Normal
User_98,2025-01-31 01:10:16,0.734,0.207,Walking,Koila,Reckless_Driving,4way,0,30,3G,-100,63,0,0.0079380932895281,40.320842007793665,21.791183481340493,Normal
User_37,2025-01-31 16:04:49,0.696,0.0767,Running,Zep,Speeding,1way,0,50,WiFi,-71,19,3,0.0023580759214728,40.27836630020457,21.7526993914065,Normal
User_93,2025-01-31 21:04:13,0.333,0.4483,Running,Koila,Reckless_Driving,1way,1,40,WiFi,-74,30,4,0.0041797754308732,40.32273289181719,21.79339354492846,Normal
User_58,2025-02-01 10:09:18,0.744,0.2552,Walking,Ligeris,Reckless_Driving,2way,1,10,3G,-87,73,-13,0.0046467549977359,40.30647283938756,21.805296953286575,Normal
User_18,2025-02-04 05:28:28,0.669,0.2274,Running,Ligeris,Reckless_Driving,2way,2,60,5G,-93,1,-3,0.0059114182097914,40.305100131867874,21.807691324913307,Normal
User_04,2025-02-04 17:23:46,0.619,0.3955,Driving,Ligeris,Speeding,2way,1,30,4G,-74,90,-11,0.0095742035516331,40.307485731949384,21.80700685686548,Normal
User_40,2025-02-07 14:18:16,0.357,0.1631,Running,Koila,Driving_Under_Influence,2way,1,40,4G,-85,68,-3,0.022,40.32199695327661,21.79141593639546,Unintentional
User_34,2025-02-08 09:22:32,0.466,0.1972,Walking,Koila,Driving_Under_Influence,2way,0,90,5G,-100,19,9,0.0046719953176507,40.3203390779331,21.791469574534595,Normal
User_10,2025-02-10 13:09:20,0.35,0.3715,Walking,Zep,Reckless_Driving,2way,1,30,3G,-96,17,-14,0.0064506460597563,40.27919766729062,21.75245071671646,Normal
User_49,2025-02-11 13:41:15,0.462,0.2537,Driving,Zep,Reckless_Driving,4way,0,90,4G,-90,79,-2,0.0056680645360609,40.27825629099759,21.752589901865264,Normal
User_78,2025-02-12 11:09:31,0.615,0.294,Running,Zep,Speeding,2way,1,20,3G,-113,23,-3,0.0087326866340699,40.27935023195925,21.75316747192089,Normal
User_47,2025-02-12 20:58:28,0.345,0.211,Running,Zep,Driving_Under_Influence,2way,2,10,WiFi,-80,73,9,0.007763969754297,40.27943381624949,21.75286060828609,Normal
User_06,2025-02-13 09:55:27,0.573,0.3147,Driving,Koila,Reckless_Driving,2way,0,60,3G,-73,4,-14,0.0067622779249404,40.32346630046179,21.791807250074225,Normal
User_43,2025-02-14 19:48:43,0.407,0.3674,Driving,Ligeris,Driving_Under_Influence,2way,0,20,4G,-84,99,8,0.0048328180073977,40.306986826455365,21.80856353947684,Normal
User_44,2025-02-15 08:21:43,0.546,0.3665,Driving,Koila,Reckless_Driving,2way,4,60,WiFi,-69,57,-3,0.0071563378561838,40.32231070634285,21.79258859354748,Normal
User_35,2025-02-15 14:56:54,0.301,0.1485,Walking,Ligeris,Speeding,1way,2,30,4G,-86,63,-11,0.0073595890906686,40.30677010258748,21.80883009380323,Normal
User_53,2025-02-17 13:00:30,0.703,0.2883,Driving,Zep,Speeding,2way,0,70,5G,-91,71,-14,0.0053185584297801,40.27977463611412,21.75339964351689,Normal
User_85,2025-02-18 05:40:24,0.653,0.2973,Walking,Koila,Reckless_Driving,1way,1,40,WiFi,-54,92,-6,0.036,40.32257998483006,21.79135051474927,Unintentional
User_69,2025-02-18 15:50:40,0.667,0.2021,Running,Koila,Driving_Under_Influence,4way,0,40,WiFi,-54,44,13,0.0098154530064364,40.32226484000515,21.792474875979963,Normal
User_29,2025-02-20 18:07:39,0.603,0.4523,Driving,Ligeris,Reckless_Driving,2way,1,80,4G,-70,38,-10,0.0013352514252937,40.30746992280848,21.8084477836735,Normal
User_59,2025-02-20 19:33:15,0.521,0.2213,Driving,Ligeris,Speeding,2way,1,40,5G,-110,76,-16,0.0090460701778838,40.304924755183016,21.806881751183415,Normal
User_26,2025-02-23 05:58:33,0.495,0.3543,Walking,Ligeris,Driving_Under_Influence,2way,2,90,WiFi,-67,66,-11,0.0016485075732783,40.30680520533175,21.806550676866713,Normal
User_57,2025-02-25 05:59:59,0.592,0.3648,Walking,Koila,Speeding,2way,0,30,5G,-92,16,0,0.0085752085114775,40.32169103520285,21.78913145919711,Normal
User_24,2025-02-25 15:59:08,0.354,0.4508,Walking,Ligeris,Reckless_Driving,2way,4,40,5G,-73,12,8,0.0050152265657119,40.30638694466755,21.80950249849512,Normal
User_20,2025-02-27 02:30:47,0.625,0.5103,Running,Koila,Reckless_Driving,4way,0,40,5G,-102,23,3,0.0020018073394048,40.32326554259238,21.792490905287007,Normal
User_19,2025-02-27 18:39:29,0.361,0.4498,Walking,Koila,Speeding,2way,1,10,4G,-71,20,7,0.004278147103916,40.3221887155837,21.791462788058595,Normal
User_18,2025-03-01 13:04:13,0.669,0.2784,Walking,Zep,Reckless_Driving,1way,3,40,4G,-93,73,3,0.0061123548759071,40.278848363686635,21.751617735121744,Normal
User_75,2025-03-04 14:25:18,0.65,0.4124,Walking,Zep,Speeding,2way,1,60,WiFi,-74,98,16,0.0015206134818178,40.27917909769678,21.7531154261972,Normal
User_44,2025-03-05 03:41:39,0.546,0.4025,Driving,Koila,Driving_Under_Influence,4way,4,30,4G,-112,37,-2,0.0095598974519304,40.322780128416355,21.79215666016589,Normal
User_100,2025-03-05 19:33:06,0.718,0.467,Driving,Ligeris,Driving_Under_Influence,2way,2,30,WiFi,-51,99,-2,0.0038543622350101,40.30470386280802,21.807607803937668,Normal
User_70,2025-03-06 10:39:07,0.314,0.2991,Walking,Ligeris,Speeding,2way,0,50,WiFi,-61,96,11,0.0097225462508136,40.30605627572827,21.80772341149328,Normal
User_81,2025-03-07 14:56:17,0.307,0.2233,Walking,Koila,Speeding,2way,1,70,WiFi,-83,16,-15,0.0084998648395854,40.3237242505147,21.79211773446391,Normal
User_54,2025-03-07 17:40:40,0.482,0.5069,Driving,Center,Driving_Under_Influence,1way,0,50,4G,-116,43,11,0.0073898152421847,40.32168210066509,21.789735274430026,Intentional
User_87,2025-03-07 19:01:25,0.64,0.4375,Walking,Koila,Reckless_Driving,1way,2,60,WiFi,-50,28,-1,0.0061263740496202,40.32144069288092,21.79156677083721,Normal
User_37,2025-03-08 14:19:31,0.696,0.1487,Running,Zep,Speeding,1way,0,40,4G,-119,14,1,0.0018386815945513,40.27896904443134,21.75365807461974,Normal
User_33,2025-03-09 08:04:28,0.554,0.3403,Running,Koila,Reckless_Driving,1way,1,80,3G,-106,35,-16,0.0082871769033574,40.32216520418311,21.791316966873634,Normal
User_20,2025-03-09 17:58:17,0.625,0.5303,Walking,Ligeris,Driving_Under_Influence,4way,3,20,WiFi,-65,41,10,0.0030280816998779,40.305932030231126,21.80763964704833,Normal
User_15,2025-03-12 01:27:05,0.369,0.1818,Running,Koila,Driving_Under_Influence,4way,1,20,3G,-114,80,6,0.008897359793914,40.322309939308965,21.792647759617257,Normal
User_06,2025-03-12 15:40:48,0.573,0.3697,Walking,Ligeris,Reckless_Driving,4way,0,40,5G,-107,61,-8,0.0040723206520241,40.30565561236648,21.807864387403487,Normal
User_47,2025-03-14 08:57:28,0.345,0.271,Walking,Ligeris,Driving_Under_Influence,2way,0,70,5G,-100,63,-1,0.0063527960668736,40.30478541203003,21.808411512635676,Normal
User_46,2025-03-16 03:56:02,0.537,0.3789,Running,Ligeris,Speeding,2way,0,50,3G,-75,81,-2,0.0080972851709863,40.30736131611868,21.807762294862524,Normal
User_35,2025-03-17 14:33:12,0.301,0.2085,Walking,Koila,Driving_Under_Influence,4way,1,50,WiFi,-82,86,-16,0.0099981460409181,40.32250553457204,21.792079542995083,Normal
User_60,2025-03-17 16:27:54,0.669,0.2107,Running,Ligeris,Reckless_Driving,4way,1,70,WiFi,-79,4,-6,0.0052243608105427,40.30736907850243,21.80723554283849,Normal
User_72,2025-03-17 18:14:06,0.359,0.4688,Driving,Zep,Speeding,4way,1,40,WiFi,-56,24,8,0.024,40.280891438750245,21.75310740268233,Unintentional
User_92,2025-03-18 02:25:45,0.622,0.1624,Driving,Zep,Driving_Under_Influence,2way,0,20,4G,-89,97,6,0.0044869896496094,40.27957737910433,21.753266936725183,Normal
User_84,2025-03-18 13:07:13,0.488,0.3434,Walking,Zep,Driving_Under_Influence,4way,0,60,4G,-93,31,-5,0.0017090638992716,40.27957343181843,21.7532598165868,Normal
User_93,2025-03-18 22:54:58,0.333,0.5403,Walking,Koila,Reckless_Driving,2way,160,40,WiFi,-63,35,14,0.0088161275054912,40.32186439899698,21.79096166649552,Normal
User_84,2025-03-19 10:39:03,0.488,0.3464,Walking,Zep,Driving_Under_Influence,2way,0,70,110,-76,90,10,0.0019425050525906,40.2807885559555,21.753193247198,Normal
User_58,2025-03-19 16:13:52,0.744,0.3482,Driving,Koila,Driving_Under_Influence,4way,0,60,4G,-106,44,15,0.0076243068216032,40.32243903072204,21.791713641010723,Normal
User_40,2025-03-20 11:24:04,0.357,0.2451,Driving,Koila,Speeding,4way,2,50,3G,-112,2,15,0.0012860606641265,40.32198072827406,21.791144461024295,Normal
User_20,2025-03-20 14:02:48,0.625,0.5533,Driving,Zep,Reckless_Driving,2way,1,110,3G,-83,53,10,0.0078107576250578,40.279713382653824,21.75272690992702,Normal
User_57,2025-03-20 14:40:49,0.592,0.4108,Walking,Ligeris,Driving_Under_Influence,2way,150,80,5G,-72,21,12,0.0069294015906372,40.30793156026164,21.80770810489209,Normal
User_87,2025-03-21 09:25:32,0.64,0.4645,Driving,Zep,Driving_Under_Influence,2way,5,40,5G,-98,86,8,0.0029491354726574,40.278905760342866,21.752520179832025,Normal
User_63,2025-03-21 16:04:20,0.549,0.5273,Driving,Zep,Driving_Under_Influence,2way,2,50,4G,-119,93,-15,0.0057025993330059,40.28104850439778,21.75345063097374,Normal
User_72,2025-03-21 17:46:11,0.359,0.4768,Walking,Ligeris,Driving_Under_Influence,1way,0,40,3G,-85,60,-11,0.0056507489731513,40.306680491320535,21.80920216829266,Normal
User_31,2025-03-22 06:07:22,0.293,0.5597,Driving,Ligeris,Reckless_Driving,2way,0,10,3G,-111,73,3,0.0060211834448497,40.30603199892707,21.806848177981,Normal
User_23,2025-03-24 04:55:35,0.532,0.2337,Walking,Ligeris,Speeding,1way,1,30,WiFi,-52,60,-16,0.0036702327859463,40.307270195940625,21.80558464760414,Normal
User_56,2025-03-27 16:14:57,0.449,0.5086,Running,Zep,Reckless_Driving,2way,4,50,4G,-89,7,7,0.0026465512396904,40.279657531023695,21.755410401021955,Normal
User_60,2025-03-28 01:28:49,0.669,0.2327,Driving,Koila,Driving_Under_Influence,1way,0,20,3G,-80,14,14,0.0048468282014734,40.32172454520796,21.789297205446204,Normal
User_16,2025-03-28 09:18:31,0.455,0.4428,Running,Koila,Reckless_Driving,2way,4,90,WiFi,-67,23,-12,0.0050541739982406,40.32073686784954,21.790645559771225,Normal
User_17,2025-03-28 11:33:15,0.439,0.5476,Walking,Zep,Driving_Under_Influence,2way,0,50,5G,-100,9,13,0.0010217081563949,40.28025492112043,21.753307319733167,Normal
User_20,2025-03-28 22:05:33,0.625,0.5693,Walking,Koila,Reckless_Driving,1way,1,40,WiFi,-58,36,3,0.0064644252174014,40.32191306798568,21.791261896264096,Normal
User_55,2025-03-29 23:33:25,0.3,0.5494,Driving,Koila,Speeding,4way,3,30,4G,-108,17,-16,0.0049089366305439,40.32168223358179,21.79123757261476,Normal
User_34,2025-03-30 05:42:31,0.466,0.2962,Running,Zep,Reckless_Driving,2way,0,10,4G,-100,14,-3,0.0088598171250629,40.279165814574256,21.751229843782134,Normal
User_39,2025-03-31 09:28:44,0.297,0.5074,Driving,Ligeris,Reckless_Driving,4way,1,50,5G,-108,48,-4,0.0091911239159518,40.305983588445855,21.80737322093264,Normal
User_80,2025-04-01 14:18:22,0.447,0.5086,Running,Zep,Speeding,2way,4,30,WiFi,-58,90,8,0.0055225376869357,40.27956949212777,21.753249860134304,Normal
User_72,2025-04-01 19:57:04,0.359,0.4988,Running,Ligeris,Driving_Under_Influence,2way,1,30,3G,-92,49,-9,0.0093798705027576,40.30641741878855,21.8077436612727,Normal
User_27,2025-04-01 22:29:49,0.33,0.386,Driving,Ligeris,Reckless_Driving,2way,1,50,3G,-92,83,1,0.0042188769592993,40.304903843356946,21.805976795862087,Normal
User_41,2025-04-02 08:44:57,0.642,0.5275,Walking,Koila,Reckless_Driving,2way,4,80,WiFi,-57,66,-10,0.0096651118122212,40.323422994591795,21.79269963240019,Normal
User_65,2025-04-03 11:40:47,0.654,0.4412,Driving,Zep,Reckless_Driving,2way,0,10,4G,-89,50,3,0.0087309351041014,40.27948824701579,21.75142646602486,Normal
User_19,2025-04-04 06:08:12,0.361,0.5208,Walking,Zep,Speeding,2way,2,50,WiFi,-57,77,0,0.0044869953734806,40.279555017768175,21.75326517209056,Normal
User_03,2025-04-04 14:49:11,0.47,0.4892,Driving,Koila,Driving_Under_Influence,2way,2,60,3G,-75,4,-15,0.0049320436557081,40.3219986319157,21.791123453708483,Normal
User_09,2025-04-05 13:34:40,0.444,0.2907,Running,Koila,Speeding,1way,0,60,4G,-83,23,-10,0.0084975520604161,40.32196031848731,21.791343063220435,Normal
User_53,2025-04-06 09:00:01,0.703,0.3843,Driving,Koila,Speeding,4way,0,50,4G,-99,59,3,0.0030821263982752,40.32125830536769,21.791724177996777,Normal
User_62,2025-04-07 07:26:05,0.471,0.302,Walking,Zep,Driving_Under_Influence,1way,0,40,5G,-111,64,-15,0.0061611868594452,40.28003291724449,21.754572809294498,Normal
User_82,2025-04-09 09:34:52,0.291,0.232,Walking,Koila,Speeding,2way,3,110,5G,-119,47,6,0.0078041015542432,40.32130941709125,21.791916538099457,Normal
User_13,2025-04-09 13:37:23,0.738,0.4703,Driving,Koila,Reckless_Driving,4way,2,40,4G,-75,74,-16,0.0037941533941913,40.322536362554885,21.792712300743744,Normal
User_61,2025-04-10 08:29:22,0.304,0.3456,Running,Koila,Reckless_Driving,2way,0,80,3G,-89,27,-13,0.005546297163927,40.322915649899016,21.790727219898447,Normal
User_76,2025-04-10 12:19:56,0.251,0.3592,Walking,Ligeris,Reckless_Driving,2way,0,10,WiFi,-60,37,5,0.0011652545453812,40.3065004716772,21.80942959539612,Normal
User_93,2025-04-10 17:39:06,0.333,0.5863,Walking,Ligeris,Driving_Under_Influence,1way,0,50,5G,-120,-132,2,0.0087639021510245,40.30621767809238,21.80738327373532,Normal
User_85,2025-04-11 18:43:21,0.653,0.4023,Running,Koila,Reckless_Driving,4way,1,40,WiFi,-74,70,-11,0.0023775284284341,40.32139685306377,21.792713221298424,Normal
User_60,2025-04-13 09:42:54,0.669,0.2647,Walking,Ligeris,Reckless_Driving,1way,1,80,WiFi,-67,62,3,0.0057703096914413,40.30575358575637,21.80775985337165,Normal
User_95,2025-04-14 12:25:13,0.36,0.4829,Walking,Koila,Reckless_Driving,1way,3,60,5G,-111,58,-3,0.0021920786853878,40.32197898903746,21.791448522603563,Normal
User_05,2025-04-16 20:28:07,0.307,0.3517,Walking,Ligeris,Driving_Under_Influence,2way,0,20,4G,-114,51,7,0.0057740664401054,40.30513714926208,21.807618326385935,Normal
User_09,2025-04-17 08:40:28,0.444,0.3157,Running,Zep,Speeding,1way,0,20,WiFi,-70,90,-10,0.0062619754760017,40.279419754300825,21.75283633871992,Normal
User_27,2025-04-19 04:13:56,0.33,0.421,Running,Koila,Speeding,2way,0,80,5G,-93,95,-11,0.0016442857182819,40.32216217120095,21.79160287973679,Normal
User_17,2025-04-19 20:27:59,0.439,0.5906,Running,Zep,Reckless_Driving,2way,0,50,4G,-105,19,3,0.0091781894761979,40.2790264903965,21.754596859665018,Normal
User_35,2025-04-19 23:36:44,0.301,0.2745,Walking,Ligeris,Speeding,1way,4,10,3G,-87,40,10,0.0010710654816299,40.30647200230732,21.80773445704381,Normal
User_17,2025-04-20 20:44:44,0.439,0.5936,Walking,Ligeris,Speeding,2way,0,40,WiFi,-85,100,2,0.0012418536412479,40.30651066715565,21.808471362230858,Normal
User_90,2025-04-20 23:54:53,0.395,0.3308,Driving,Ligeris,Reckless_Driving,1way,0,60,4G,-113,98,-8,0.0047545193047511,40.30624504485519,21.807575128023085,Normal
User_83,2025-04-24 01:27:12,0.498,0.3097,Driving,Koila,6,1way,1,50,3G,-82,60,8,0.0074360174709854,40.32087788038879,21.790833698272554,Normal
User_21,2025-04-25 06:57:03,0.256,0.4406,Running,Koila,Reckless_Driving,2way,0,30,4G,-100,14,1,0.0073154323299398,40.322178556445074,21.791403131461745,Normal
User_87,2025-04-27 17:36:03,0.64,0.5395,Walking,Koila,Driving_Under_Influence,4way,1,80,5G,-79,90,16,0.0031982215197804,40.32151478697134,21.790667729804277,Normal
User_74,2025-04-28 14:53:32,0.564,0.405,Running,Ligeris,Speeding,2way,1,20,3G,-111,32,-12,0.0041088406430338,40.30627428639647,21.807587789917505,Normal
User_36,2025-04-29 01:13:19,0.58,0.497,Running,Koila,Reckless_Driving,1way,3,40,WiFi,-80,-144,-16,0.0048300137353795,40.321781572498,21.790394348403566,Normal
User_67,2025-04-29 07:06:10,0.692,0.4761,Driving,Koila,Speeding,2way,2,130,5G,-91,78,3,0.007202067901349,40.32247108627227,21.79157445028659,Normal
User_54,2025-04-29 07:53:01,0.482,0.6129,Driving,Zep,Reckless_Driving,2way,1,10,3G,-95,84,-12,0.0092812232229445,40.27999655508564,21.753489023836945,Normal
User_94,2025-04-29 18:38:57,0.459,0.242,Running,Ligeris,Driving_Under_Influence,1way,1,20,WiFi,-54,72,-4,0.0094849556041957,40.30703527732237,21.80604895834091,Normal
User_89,2025-04-29 18:56:17,0.606,0.6292,Walking,Zep,Reckless_Driving,1way,0,40,115,-86,85,0,0.005069740690443,40.281073687124355,21.752455002658703,Normal
User_50,2025-04-30 21:19:40,0.395,0.4644,Running,Koila,Reckless_Driving,2way,1,10,WiFi,-72,-42,9,0.0086811359867309,40.32154876789792,21.79326782980867,Normal
User_100,2025-05-01 01:39:59,0.718,0.58,Running,Ligeris,Speeding,2way,5,50,3G,-93,78,2,0.0022497404640876,40.30629904528985,21.80733110313532,Normal
User_45,2025-05-02 16:30:52,0.693,0.4384,Driving,Zep,Driving_Under_Influence,1way,0,20,WiFi,-52,11,0,0.002385682500619,40.27843679048194,21.752763200583875,Normal
User_89,2025-05-03 03:01:08,0.606,0.6362,Running,Ligeris,Driving_Under_Influence,4way,0,30,5G,-106,43,9,0.0072038597058102,40.306910622535845,21.808756865499163,Normal
User_57,2025-05-03 04:48:23,0.592,0.4978,Running,Ligeris,Reckless_Driving,1way,0,90,3G,-119,60,-16,0.0061178237252767,40.30506816947128,21.80914054691134,Normal
User_24,2025-05-03 20:05:39,0.354,0.5848,Driving,Koila,Driving_Under_Influence,4way,1,40,4G,-91,99,15,0.0039538234983454,40.322569043297456,21.791994057534797,Normal
User_91,2025-05-05 02:58:21,0.716,0.4603,Walking,Ligeris,Driving_Under_Influence,2way,1,50,5G,-74,1,-16,0.0048004934818492,42.118809,21.806266193623937,Normal
User_79,2025-05-07 23:12:35,0.326,0.3419,Driving,Koila,Reckless_Driving,1way,1,20,WiFi,-57,-139,6,0.0024737444339962,40.32214453167045,21.78971923272071,Normal
User_74,2025-05-08 05:19:39,0.564,0.425,Running,Ligeris,Driving_Under_Influence,1way,2,80,4G,-100,16,1,0.0077241579326145,40.30763906626233,21.806601427678466,Normal
User_52,2025-05-08 06:01:11,0.706,0.6534,Running,Koila,Speeding,1way,1,70,3G,-103,24,4,0.0015446411038753,40.32238913089708,21.79357126039831,Normal
User_77,2025-05-10 06:33:27,0.369,0.3443,Running,Ligeris,Driving_Under_Influence,2way,0,40,3G,-108,30,-16,0.0051533382608031,40.30685994010143,21.807358409239555,Normal
User_08,2025-05-11 00:13:30,0.33,0.5709,Running,Koila,Driving_Under_Influence,4way,0,60,5G,-70,62,-5,0.0074024630991781,40.32195704379356,21.789936064617137,Normal
User_38,2025-05-11 18:26:30,0.497,0.5316,Driving,Ligeris,Driving_Under_Influence,2way,0,80,WiFi,-57,37,-11,0.0077597086861624,40.30481120820999,21.806555900247066,Normal
User_25,2025-05-11 23:33:40,0.352,0.3263,Driving,Koila,Speeding,4way,1,40,WiFi,-90,74,11,0.0096485134983362,40.323553622115035,22.494682,Normal
User_18,2025-05-12 03:38:38,0.669,0.4224,Running,Ligeris,Speeding,2way,0,30,5G,-88,87,1,0.0060129669332729,40.30641871067958,21.807743715806748,Normal
User_09,2025-05-13 12:59:16,0.444,0.3677,Running,Zep,Reckless_Driving,2way,0,60,5G,-77,76,3,0.0011328455188132,40.278431356966195,21.75313809933323,Normal
User_64,2025-05-14 17:22:51,0.287,0.2767,Driving,Zep,Reckless_Driving,2way,0,70,3G,-120,15,-12,0.0084649642166008,40.280087757005234,21.755319703467517,Normal
User_92,2025-05-14 22:15:07,0.622,0.2774,Walking,Zep,Driving_Under_Influence,4way,2,20,5G,-87,83,-6,0.0078254477459891,40.27959477220527,21.75325625942476,Normal
User_63,2025-05-15 11:50:21,0.549,0.6383,Running,Koila,Reckless_Driving,4way,1,40,5G,Satellite,45,13,0.0018912517701266,40.3230441346216,21.790937004936634,Normal
User_31,2025-05-15 11:50:46,0.293,0.6677,Driving,Ligeris,Driving_Under_Influence,4way,0,20,5G,-106,2,12,0.0057308332338259,40.307382694047355,21.80804787895944,Normal
User_08,2025-05-16 01:01:34,0.33,0.5809,Walking,Koila,Speeding,2way,0,40,WiFi,-71,25,-12,0.0076364888639817,40.32305483586289,21.792910425469135,Normal
User_44,2025-05-16 03:30:01,0.546,0.5475,Running,Ligeris,Driving_Under_Influence,1way,1,30,5G,-106,95,16,0.0016263976719593,40.30546620029847,21.808251431351845,Normal
User_11,2025-05-16 14:29:31,0.263,0.6238,Driving,Ligeris,Driving_Under_Influence,2way,0,80,WiFi,-58,46,-15,0.007703442647014,40.30512691772792,21.806050820888064,Normal
User_79,2025-05-18 03:49:00,0.326,0.3629,Walking,Koila,Reckless_Driving,1way,1,10,3G,-97,52,-23,0.0067645893461445,40.322238426506054,21.79162757513271,Unintentional
User_11,2025-05-18 18:32:54,0.263,0.6278,Walking,Ligeris,Reckless_Driving,1way,4,80,3G,-87,98,-14,0.043,40.30577648400653,21.80621665252838,Unintentional
User_68,2025-05-19 01:02:02,0.402,0.5077,Driving,Koila,Speeding,1way,2,90,4G,-70,6,-1,0.0012683769795091,40.32301226897553,21.792713799485373,Normal
User_73,2025-05-19 05:26:23,0.343,0.6473,Walking,Ligeris,Speeding,2way,0,60,4G,-101,99,-6,0.0026021281380624,40.30596124196344,21.80978181903107,Normal
User_61,2025-05-19 17:16:54,0.304,0.4236,Running,Zep,Reckless_Driving,1way,0,90,5G,-102,7,0,0.0095864849176587,40.27977580731075,21.75192929091348,Normal
User_43,2025-05-20 04:21:00,0.407,0.5564,Driving,Ligeris,Driving_Under_Influence,1way,0,50,4G,-102,41,14,0.0093227220115478,40.306037778218,21.807095398708817,Normal
User_12,2025-05-20 11:38:42,0.74,0.5621,Driving,Ligeris,Reckless_Driving,2way,1,10,WiFi,-56,7,-12,0.0013227120838711,40.306558497899054,21.80737289969248,Normal
User_100,2025-05-20 21:51:29,0.718,0.618,Running,Koila,Reckless_Driving,2way,0,70,4G,-95,38,14,0.002592116306612,40.32273505986437,21.791350334046506,Normal
User_22,2025-05-22 12:50:55,0.656,0.3846,Driving,Ligeris,Driving_Under_Influence,2way,1,40,4G,-99,5,2,0.0010990691985678,40.3052658778054,21.80901937526427,Normal
User_84,2025-05-23 04:36:22,0.488,0.4754,Walking,Koila,Driving_Under_Influence,1way,0,30,WiFi,-58,81,1,0.0082036821489867,40.321940381188774,21.791528636724703,Normal
User_49,2025-05-23 14:06:15,0.462,0.4557,Walking,Koila,Driving_Under_Influence,2way,2,70,5G,-81,92,-16,0.0050918101104099,40.32241231388564,21.792380731401096,Normal
User_29,2025-05-23 20:45:17,0.603,0.6373,Running,Ligeris,Reckless_Driving,4way,0,10,WiFi,-79,46,-13,0.0020287540126855,40.30588577568617,21.808142629985493,Normal
User_43,2025-05-25 19:17:20,0.407,0.5674,Walking,Koila,Reckless_Driving,2way,1,40,4G,-71,15,8,0.0086003990183577,40.32319515241879,21.791005079150263,Normal
User_24,2025-05-26 02:42:50,0.354,0.6298,Running,Ligeris,Speeding,2way,0,80,WiFi,-57,92,-3,0.0040573708931285,40.30523152819956,21.80725456739664,Normal
User_87,2025-05-26 03:36:16,0.64,0.5965,Walking,Ligeris,Speeding,2way,2,80,5G,-100,76,16,0.0042788288254533,40.30723902265973,21.808209682911908,Normal
User_59,2025-05-26 03:59:22,0.521,0.4103,Running,Ligeris,Driving_Under_Influence,2way,1,80,5G,-109,40,5,0.0051279255956286,40.3064527294681,21.807992509405693,Normal
User_78,2025-05-28 04:35:11,0.615,0.503,Flying,Koila,Reckless_Driving,2way,0,30,WiFi,-68,56,1,0.0062966081542432,40.322823014890595,21.790642198225708,Intentional
User_63,2025-05-28 04:40:35,0.549,0.6633,Driving,Ligeris,Driving_Under_Influence,2way,0,40,4G,-120,55,0,0.0043723854478208,40.30629087335151,21.80568510592154,Normal
User_23,2025-05-29 08:06:32,0.532,0.3667,Driving,Zep,Driving_Under_Influence,2way,0,60,WiFi,-74,96,7,0.0022632158727884,40.2801934030714,21.753530855826956,Normal
User_16,2025-05-29 10:57:00,0.455,0.5678,Running,Koila,Reckless_Driving,2way,0,20,5G,-83,10,-13,0.0049942370200939,40.32243054054421,21.791331964743453,Normal
User_35,2025-05-29 17:50:03,0.301,0.3535,Walking,Zep,Driving_Under_Influence,1way,0,50,5G,-110,82,10,0.0094585740240864,40.27955555372766,21.75315163092909,Normal
User_50,2025-05-30 23:38:51,0.395,0.5244,Running,Ligeris,Reckless_Driving,2way,0,40,4G,-87,22,-10,0.0085569663941416,40.30692788292846,21.807760030475396,Normal
User_88,2025-05-31 10:42:13,0.421,0.6412,Walking,Koila,Reckless_Driving,2way,3,50,WiFi,-88,66,11,0.006894109572114,40.32148822445352,21.792714239429312,Normal
User_93,2025-05-31 23:27:33,0.333,0.6883,Driving,Koila,Speeding,1way,2,50,3G,-104,74,2,0.0093883728835807,40.32161292322202,21.791074917548833,Normal
User_53,2025-06-01 21:52:17,0.703,0.4973,Driving,Zep,Speeding,2way,1,70,5G,-114,46,-16,0.0096139039616331,40.27943202959377,21.754208692666104,Normal
User_84,2025-06-01 21:59:08,0.488,0.4944,Walking,Zep,Speeding,2way,0,40,3G,-75,49,-6,0.0039472989009094,40.27799340358023,21.752555410913047,Normal
User_31,2025-06-02 11:06:59,0.293,0.7047,Driving,Koila,Reckless_Driving,4way,0,70,4G,-84,89,8,0.0053070798644569,40.32219695320067,21.791932693229217,Normal
User_25,2025-06-02 12:58:16,0.352,0.3693,Driving,Koila,Reckless_Driving,1way,0,60,3G,-106,27,11,0.0080781447092562,40.32192607175808,21.791006481506983,Normal
User_100,2025-06-02 18:42:11,0.718,0.645,Walking,Ligeris,Driving_Under_Influence,2way,1,70,4G,-73,7,-2,0.0056949007252782,40.30638924339025,21.808838673606697,Normal
User_96,2025-06-03 07:31:07,0.308,0.4678,Running,Koila,Reckless_Driving,2way,1,80,4G,-112,61,0,0.0022499080607288,40.32194854011234,21.792708080796825,Normal
User_24,2025-06-03 08:35:31,0.354,0.6468,Driving,Koila,Speeding,1way,0,40,3G,-108,11,8,0.007247009883097,40.322044410701146,21.791205775436215,Normal
User_86,2025-06-03 09:26:09,0.343,0.5208,Running,Koila,Reckless_Driving,1way,0,80,5G,-118,96,-8,0.0093924395192014,40.321789194000395,21.790448822199465,Normal
User_67,2025-06-03 13:41:11,0.692,0.5461,Running,Zep,Speeding,4way,2,60,3G,-98,77,-14,0.0092047730140522,40.27965377925676,21.75343832666224,Normal
User_10,2025-06-03 14:55:07,0.35,0.5985,Driving,Ligeris,Reckless_Driving,1way,1,30,3G,-106,60,5,0.0014771084571147,40.306141057516136,21.807131688053243,Normal
User_17,2025-06-03 20:00:53,0.439,0.6806,Walking,Zep,Reckless_Driving,2way,0,30,3G,-86,56,5,0.0070559158923326,40.27903824228533,21.755008142340476,Normal
User_35,2025-06-05 15:42:54,0.301,0.3685,Walking,Zep,Driving_Under_Influence,2way,1,10,4G,-84,89,4,0.0065960063697142,40.27808490355516,21.753890826636425,Normal
User_48,2025-06-08 09:49:44,0.636,0.5099,Walking,Ligeris,Reckless_Driving,4way,0,50,3G,-99,94,16,0.0064861005908352,40.304817515241815,21.80647228200113,Normal
User_22,2025-06-08 20:44:14,0.656,0.4186,Running,Koila,Driving_Under_Influence,4way,0,10,5G,-110,99,-12,0.0019366688008947,40.3204165037558,21.791302257920872,Normal
User_92,2025-06-08 21:34:13,0.622,0.3274,Walking,Koila,Speeding,1way,1,10,WiFi,-60,80,16,0.0099359038528402,40.32208743692626,21.791261593745112,Normal
User_52,2025-06-09 12:42:25,0.706,0.7184,Running,Ligeris,Speeding,2way,0,90,WiFi,-62,30,-7,0.0029404029988585,40.30474888322145,21.80750584177764,Normal
User_51,2025-06-10 02:58:26,0.574,0.4563,Walking,Koila,Speeding,1way,0,20,4G,-116,45,13,0.0065997455388471,40.32208346028315,21.793570617373867,Normal
User_89,2025-06-10 12:24:24,0.606,0.7132,Walking,Ligeris,Speeding,2way,0,30,4G,-77,9,9,0.0055099631643328,40.30553380763547,21.80627565211529,Normal
User_20,2025-06-10 14:17:56,0.625,0.7163,Running,Zep,Reckless_Driving,1way,0,20,3G,-71,21,4,0.0067070814490499,40.27835919244455,21.75429625444195,Normal
User_07,2025-06-11 14:24:03,0.47,0.5544,Walking,Zep,Speeding,2way,3,80,5G,-79,86,12,0.0016966379650041,40.28003068990434,21.75334376258813,Normal
User_61,2025-06-12 03:39:07,0.304,0.4716,Walking,Koila,Reckless_Driving,2way,0,70,3G,-117,46,0,0.0048902831326038,40.320427648439725,21.79138700009085,Normal
User_26,2025-06-13 00:23:27,0.495,0.5743,Running,Zep,Reckless_Driving,2way,0,10,4G,-82,55,-10,0.0047783732137614,40.28019638370619,21.751293277848696,Normal
User_05,2025-06-13 21:33:27,0.307,0.4677,Running,Ligeris,Speeding,1way,3,20,3G,-83,47,-14,0.0025983934333377,40.30734046164851,21.806857952347727,Normal
User_75,2025-06-14 13:12:19,0.65,0.6154,Running,Ligeris,Reckless_Driving,2way,1,10,WiFi,-69,80,-14,0.0014527113548135,40.305192207270935,21.808554481815584,Normal
User_13,2025-06-14 13:42:34,0.738,0.6033,Driving,Ligeris,Reckless_Driving,2way,1,30,5G,-88,13,-6,0.0047250773051916,40.306573709866505,21.807524388135104,Normal
User_20,2025-06-14 14:47:20,0.625,0.7243,Walking,Koila,Speeding,4way,0,80,5G,-75,69,-2,0.0032973641798394,40.32361918457611,21.79052097966828,Normal
User_26,2025-06-14 19:27:39,0.495,0.5773,Driving,Zep,Driving_Under_Influence,6way,3,10,5G,-93,21,-16,0.0033792313238111,40.28014713631167,21.752247236971936,Intentional
User_84,2025-06-14 19:48:44,0.488,0.5194,Walking,Zep,Speeding,1way,1,90,4G,-115,21,8,0.0083668676050354,40.28058558630654,21.7520405859686,Normal
User_59,2025-06-15 19:28:17,0.521,0.4513,Walking,Zep,Speeding,4way,1,10,3G,-117,87,3,0.0077302603479628,40.27849390689654,21.754682158677376,Normal
User_65,2025-06-16 06:35:54,0.654,0.5902,Walking,Zep,Driving_Under_Influence,2way,0,60,4G,-84,61,-12,0.0075853249019072,40.27858069006789,21.75406655478953,Normal
User_88,2025-06-16 08:46:34,0.421,0.6742,Running,Koila,Reckless_Driving,2way,0,70,5G,-98,94,11,0.0022560395891195,41.641253,21.790369796429353,Normal
User_16,2025-06-18 02:10:09,0.455,0.6068,Walking,Zep,Driving_Under_Influence,4way,2,10,3G,-70,6,-16,0.0022536373789826,40.28040849771156,21.75226933807012,Normal
User_68,2025-06-18 05:45:43,0.402,0.5677,Driving,Ligeris,Speeding,2way,2,40,5G,-82,32,15,0.0079246473372532,40.30675238120426,21.807563290244328,Normal
User_92,2025-06-18 10:27:38,0.622,0.3474,Running,Zep,Driving_Under_Influence,4way,160,40,4G,-80,14,0,0.0068076900459469,40.279786879905565,21.751226286147904,Normal
User_55,2025-06-19 00:20:42,0.3,0.7124,Walking,Koila,Reckless_Driving,2way,0,20,5G,-74,70,-12,0.0098530896845168,40.32237921353641,21.793047219393348,Normal
User_02,2025-06-19 10:06:37,0.477,0.5344,Running,Ligeris,Reckless_Driving,4way,1,40,4G,-72,12,-16,0.0038622792055984,40.30626376132478,21.80750094973651,Normal
User_39,2025-06-19 23:32:04,0.297,0.6674,Running,Koila,Driving_Under_Influence,2way,0,60,4G,-119,91,8,0.0054564639861465,40.323014993170425,21.789567986713323,Normal
User_46,2025-06-20 04:25:20,0.537,0.5709,Walking,Koila,Reckless_Driving,1way,1,Harassing_Driver,4G,-92,96,-15,0.0010149524363041,40.32275220317744,21.78925027198973,Normal
User_61,2025-06-21 12:34:18,0.304,0.4886,Running,Koila,Reckless_Driving,2way,0,50,112,-102,68,-6,0.0064078194200589,40.32323000476971,21.790872465449723,Normal
User_32,2025-06-21 12:43:35,0.684,0.4433,Running,Ligeris,Driving_Under_Influence,2way,0,20,5G,-104,-151,0,0.0020467767044475,40.30787009039996,21.806876898131527,Normal
User_80,2025-06-22 17:49:39,0.447,0.6716,Walking,Zep,Speeding,2way,0,60,3G,-106,11,0,0.0090016684739754,40.28039372174413,21.753453682487383,Normal
User_14,2025-06-23 09:33:16,0.533,0.4286,Running,Koila,Speeding,1way,1,80,WiFi,-63,79,8,0.0096924990405867,40.32100815099306,21.790190417440996,Normal
User_73,2025-06-23 21:43:38,0.343,0.7183,Driving,Zep,Reckless_Driving,2way,2,80,WiFi,-64,35,-6,0.0066990122453807,40.278762608264714,21.75262032635429,Normal
User_79,2025-06-24 13:24:20,0.326,0.4379,Driving,Zep,Driving_Under_Influence,2way,4,80,3G,-106,82,-2,0.0076466030652899,40.27949660007857,21.75132351875004,Normal
User_54,2025-06-24 14:11:51,0.482,0.7259,Driving,Koila,Driving_Under_Influence,1way,0,80,WiFi,-69,89,-4,0.004646522124838,40.32210783814796,21.790783607932283,Normal
User_93,2025-06-25 20:11:27,0.333,0.7383,Driving,Koila,Driving_Under_Influence,2way,0,50,3G,-81,95,3,0.029,40.32220425308272,21.792039006640607,Unintentional
User_23,2025-06-26 04:04:55,0.532,0.4217,Driving,Koila,Speeding,4way,2,80,5G,-75,78,5,0.0064953984165899,40.322143916864135,21.7907398925821,Normal
User_30,2025-06-26 04:13:53,0.478,0.5551,Driving,Koila,Driving_Under_Influence,2way,0,50,4G,-96,29,3,0.0073239707419921,40.32205696613482,21.791369373928855,Normal
User_12,2025-06-27 02:02:04,0.74,0.6371,Driving,Ligeris,Driving_Under_Influence,4way,1,40,WiFi,-85,6,6,0.007795502265477,40.30639729697055,21.808128890473892,Normal
User_18,2025-06-27 13:41:35,0.669,0.5144,Running,Ligeris,Driving_Under_Influence,1way,1,40,3G,-117,35,-18,0.00906502471553,40.30601635811785,21.807231383399223,Unintentional
User_25,2025-06-27 13:47:51,0.352,0.4203,Walking,Ligeris,Speeding,1way,0,70,4G,-113,10,10,0.0041446519276392,40.30612758160102,21.8065439833328,Normal
User_91,2025-06-29 21:30:22,0.716,0.5703,Running,Ligeris,Reckless_Driving,1way,0,60,4G,-85,86,-1,0.0013132679458498,40.30675667873267,21.80884969663567,Normal
User_34,2025-06-30 10:03:48,0.466,0.4812,Running,Ligeris,Reckless_Driving,1way,0,20,3G,-114,58,-6,0.0055557548991655,40.30495804281352,21.808148900239782,Normal
User_38,2025-07-01 13:16:16,0.497,0.6336,Running,Koila,Speeding,1way,0,60,4G,-98,47,9,0.006991219302153,40.321321270212565,21.790959432483778,Normal
User_06,2025-07-01 21:16:28,0.573,0.5917,Running,Ligeris,Speeding,2way,1,40,3G,-90,17,11,0.0076786542048559,40.30538085843643,21.80657135437036,Normal
User_53,2025-07-01 21:52:25,0.703,0.5573,Running,Ligeris,Speeding,2way,0,20,5G,-90,53,13,0.0055284909926466,40.30787385962114,21.808000590828986,Normal
User_41,2025-07-02 06:00:41,0.642,0.7085,Running,Zep,Reckless_Driving,1way,0,80,5G,-94,84,-8,0.0083987704657267,40.278570800811366,21.754883041752635,Normal
User_20,2025-07-02 14:43:53,0.625,0.7613,Driving,Zep,Driving_Under_Influence,1way,2,50,4G,-111,7,3,0.0015421185530136,40.279020704003386,21.75324586442398,Normal
User_49,2025-07-02 18:54:56,0.462,0.5357,Running,Koila,Speeding,1way,0,70,WiFi,-60,50,8,0.0062475162429979,40.3214279331437,21.789675874040288,Normal
User_02,2025-07-03 10:18:22,0.477,0.5624,Driving,Koila,Driving_Under_Influence,1way,1,40,WiFi,-88,45,12,0.0019398849927853,40.3228434328819,21.792005359296656,Normal
User_27,2025-07-04 20:41:12,0.33,0.574,Walking,Zep,9,2way,1,30,4G,-94,46,6,0.0044502863685475,40.28072359321236,21.752404962915907,Normal
User_52,2025-07-05 09:21:36,0.706,0.7694,Running,Ligeris,Driving_Under_Influence,2way,1,70,4G,-72,54,3,0.0089688464614593,40.30603837133693,21.806646282312748,Normal
User_99,2025-07-05 12:14:49,0.622,0.5364,Walking,Koila,Speeding,2way,2,20,4G,-87,33,1,0.0048984530238867,40.32247291662118,21.789017179214472,Normal
User_92,2025-07-06 08:49:11,0.622,0.3824,Walking,Ligeris,Speeding,2way,0,10,5G,-90,98,-14,0.0082565886498861,40.30628862775461,21.80711168827168,Normal
User_36,2025-07-07 09:15:38,0.58,0.635,Walking,Koila,Driving_Under_Influence,4way,0,70,5G,-112,43,-3,0.0049354576012651,40.322107299359715,21.793579885413376,Normal
User_32,2025-07-07 14:14:55,0.684,0.4743,Running,Koila,Driving_Under_Influence,4way,0,80,3G,-99,40,16,0.0044955656771531,40.32185590006296,21.79073774437933,Normal
User_65,2025-07-07 14:31:39,0.654,0.6322,Driving,Zep,Speeding,2way,0,70,3G,-72,31,4,0.0084060815726478,40.27942015193594,21.754476724611248,Normal
User_05,2025-07-08 01:21:34,0.307,0.5167,Running,Zep,Reckless_Driving,2way,2,90,WiFi,-78,82,4,0.0043649700634127,40.278961723841405,21.752388882392474,Normal
User_15,2025-07-08 13:44:17,0.369,0.4168,Running,Zep,Reckless_Driving,2way,0,10,WiFi,-53,79,1,0.0045480734339055,40.28060221168626,21.75386469217288,Normal
User_44,2025-07-08 14:11:15,0.546,0.6525,Driving,Ligeris,Driving_Under_Influence,2way,1,80,5G,-104,22,12,0.0024965938165549,40.30722810827854,21.80786319999737,Normal
User_55,2025-07-08 17:28:58,0.3,0.7504,Walking,Zep,Driving_Under_Influence,1way,1,60,WiFi,-63,45,-9,0.0064111487883201,40.28043752694707,21.753747483498604,Normal
User_89,2025-07-08 17:36:40,0.606,0.7692,Running,Ligeris,Speeding,2way,0,70,4G,-113,61,-15,0.0061061634668833,40.30676495455912,21.80615443308316,Normal
User_66,2025-07-09 18:50:42,0.551,0.5159,Walking,Ligeris,Reckless_Driving,1way,2,60,5G,-76,53,10,0.0039281835087903,40.3067059032252,21.80679176215669,Normal
User_79,2025-07-09 23:39:57,0.326,0.4679,Driving,Ligeris,Driving_Under_Influence,2way,0,20,4G,-73,51,20,0.0091019813808585,40.306147690085446,21.807241333045276,Unintentional
User_90,2025-07-10 07:04:27,0.395,0.4928,Running,Koila,Driving_Under_Influence,2way,2,80,WiFi,-55,78,7,0.0033024872359836,40.32265091951002,21.789797594010363,Normal
User_02,2025-07-10 17:32:00,0.477,0.5774,Running,Koila,Driving_Under_Influence,4way,0,50,5G,-119,57,-1,0.0061451127183374,40.32108420084656,21.790385414776733,Normal
User_12,2025-07-11 08:35:43,0.74,0.6651,Running,Ligeris,Speeding,4way,1,80,3G,-77,27,-7,0.0087299481249261,40.30520395312859,21.807087508214007,Normal
User_100,2025-07-12 23:18:53,0.718,0.725,Driving,Zep,Reckless_Driving,1way,1,40,5G,-120,31,5,0.0017970544681352,40.27903957588758,21.753859340643793,Normal
User_88,2025-07-14 03:45:08,0.421,0.7292,Running,Zep,Reckless_Driving,2way,0,80,4G,-84,40,14,0.0061794655993535,40.27934526095683,21.75281539381721,Normal
User_32,2025-07-14 04:34:15,0.684,0.4883,Swimming,Ligeris,Reckless_Driving,1way,0,40,3G,-86,64,10,0.0086094889593723,40.306790365703634,21.80702969148907,Intentional
User_57,2025-07-14 07:14:56,0.592,0.6418,Running,Zep,Speeding,1way,0,40,3G,-77,33,9,0.0063965397062233,40.279340958994226,21.753162916261875,Normal
User_14,2025-07-14 07:27:11,0.533,0.4696,Running,Ligeris,Driving_Under_Influence,2way,0,50,WiFi,-56,84,1,0.0015521126095938,40.30629397338873,21.807483098374533,Normal
User_92,2025-07-14 14:28:34,0.622,0.3994,Walking,Zep,Driving_Under_Influence,2way,3,10,4G,-95,91,3,0.0078941766009168,40.27925997209431,21.753075565541263,Normal
User_83,2025-07-14 18:02:11,0.498,0.4727,Running,Ligeris,Driving_Under_Influence,1way,0,50,5G,-87,66,-1,0.0039082955526356,40.306694568920506,21.80722171355148,Normal
User_04,2025-07-15 02:49:34,0.619,0.7175,Driving,Zep,Driving_Under_Influence,2way,2,Illegal_Parking,4G,-88,59,13,0.0056761560488577,40.278078101534824,21.75234194035284,Normal
User_98,2025-07-15 19:33:52,0.734,0.538,Running,Ligeris,Driving_Under_Influence,1way,3,10,4G,-97,57,8,0.0034168993440343,40.30627652615508,21.80597032209389,Normal
User_56,2025-07-15 20:11:36,0.449,0.7296,Driving,Koila,Speeding,1way,0,50,WiFi,-82,85,-7,0.0012684984283458,40.322086854160055,21.79111923790738,Normal
User_90,2025-07-16 03:54:29,0.395,0.5038,Driving,Zep,Reckless_Driving,1way,0,40,WiFi,-62,36,10,0.0042414235889755,40.27902244555942,21.753232543041193,Normal
User_08,2025-07-17 16:53:49,0.33,0.7049,Driving,Koila,Speeding,2way,1,40,5G,-97,25,-3,0.0029515799236457,40.3219948717616,21.790978647830503,Normal
User_24,2025-07-18 03:13:30,0.354,0.7358,Walking,Koila,Reckless_Driving,1way,0,10,3G,-72,95,-9,0.0045706669937822,40.32216572909436,21.791101583065178,Normal
User_97,2025-07-18 23:44:16,0.737,0.6106,Walking,Zep,Driving_Under_Influence,1way,1,20,4G,-100,35,-7,0.0098213090106529,40.27904469411994,21.752593640487433,Normal
User_68,2025-07-19 00:43:43,0.402,0.6287,Driving,Ligeris,Driving_Under_Influence,2way,0,130,5G,-78,1,-3,0.0092324101277679,40.306110475481184,21.8075420174176,Normal
User_49,2025-07-19 12:52:10,0.462,0.5697,Walking,Zep,Driving_Under_Influence,2way,1,10,5G,-100,4,7,0.0068336283841071,40.27917041772873,21.753457196736846,Normal
User_51,2025-07-20 06:13:29,0.574,0.5353,Walking,Koila,Speeding,1way,1,50,5G,-105,62,-12,0.0097671478674861,40.32282710395216,21.790740800985517,Normal
User_22,2025-07-20 10:28:20,0.656,0.5016,Running,Zep,Speeding,2way,0,60,5G,-81,64,6,0.0037353492747082,40.27920408933417,21.752145168303212,Normal
User_06,2025-07-20 12:32:16,0.573,0.6297,Running,Ligeris,Driving_Under_Influence,2way,0,20,WiFi,-56,36,-6,0.0095586183697389,40.307666917297176,21.80728632084754,Normal
User_31,2025-07-20 12:47:58,0.293,0.7997,Driving,Zep,Reckless_Driving,2way,0,20,4G,-116,46,-10,0.005332978492684,40.28107244417669,21.75231603511942,Normal
User_98,2025-07-20 13:52:19,0.734,0.547,Running,Koila,Speeding,2way,0,20,WiFi,-85,19,8,0.0091434461611103,40.32147019069126,21.79182588536313,Normal
User_54,2025-07-20 23:04:21,0.482,0.7779,Running,Koila,Driving_Under_Influence,2way,4,80,3G,-107,86,-2,0.0019886916971163,40.32160604594919,21.790742306588076,Normal
User_66,2025-07-22 13:07:00,0.551,0.5409,Running,Koila,Driving_Under_Influence,1way,0,80,WiFi,-71,93,-2,0.007799671120942,40.32173583173773,21.79129282269502,Normal
User_47,2025-07-23 19:59:19,0.345,0.533,Running,Ligeris,Speeding,2way,0,90,4G,-95,51,14,0.0080367730691806,40.30700496562935,21.80627697374425,Normal
User_10,2025-07-24 03:36:11,0.35,0.6995,Walking,Zep,Reckless_Driving,2way,1,70,4G,-77,17,2,0.0027335010795171,40.277977738536656,21.75377686980421,Normal
User_100,2025-07-25 23:02:00,0.718,0.751,Walking,Zep,Speeding,2way,0,20,WiFi,-86,85,-3,0.0014183592277894,40.27856904085465,21.755046107480133,Normal
User_42,2025-07-27 02:26:11,0.544,0.7823,Running,Koila,Speeding,2way,0,30,WiFi,-50,100,-3,0.0083846444972923,40.32174677029442,21.791520719049323,Normal
User_12,2025-07-29 00:11:23,0.74,0.7011,Walking,Zep,Driving_Under_Influence,2way,2,20,WiFi,-83,77,-12,0.0035996927687215,40.27900094429201,21.75309781831687,Normal
User_50,2025-07-29 00:51:39,0.395,0.6434,Walking,Koila,Speeding,4way,0,50,WiFi,-50,32,-9,0.0084115551599278,40.320825196759344,21.791250805804413,Normal
User_90,2025-07-29 02:38:57,0.395,0.5298,Walking,Ligeris,Speeding,2way,0,10,WiFi,-76,58,-7,0.0059991182482101,40.30633139883509,21.807470729780736,Normal
User_57,2025-07-29 09:47:38,0.592,0.6728,Running,Ligeris,Driving_Under_Influence,2way,1,60,WiFi,-62,78,-5,0.0045418414674025,40.3066014398908,21.808183340185824,Normal
User_63,2025-07-29 14:43:09,0.549,0.7883,Walking,Ligeris,Driving_Under_Influence,2way,0,80,5G,Ethernet,20,-2,0.0045250456362559,40.306910342782274,21.80817819044937,Normal
User_67,2025-07-29 18:16:17,0.692,0.6591,Driving,Zep,Driving_Under_Influence,4way,3,20,WiFi,-74,22,-10,0.0056902643600975,40.27836270145079,21.753725231511904,Normal
User_93,2025-07-30 15:46:20,0.333,0.8073,Running,Ligeris,Reckless_Driving,2way,1,70,5G,-120,23,-3,0.0047037454937737,40.30519122122613,21.807684870238575,Normal
User_73,2025-07-30 19:17:27,0.343,0.7923,Running,Zep,Reckless_Driving,4way,1,40,WiFi,-89,61,-10,0.0083174325096035,40.279410203772144,21.752215883530443,Normal
User_16,2025-07-31 04:27:36,0.455,0.6938,Running,Koila,Driving_Under_Influence,2way,3,70,4G,-96,16,10,0.003742836367329,40.32091760356579,21.79066659497385,Normal
User_32,2025-07-31 22:14:54,0.684,0.5233,Running,Ligeris,Driving_Under_Influence,4way,1,50,5G,-112,27,-11,0.0021147810947742,40.30616705635404,21.807418727155735,Normal
User_78,2025-08-01 09:28:29,0.615,0.633,Running,Koila,Driving_Under_Influence,1way,1,10,3G,-74,55,-11,0.0083761663507928,40.320515211577614,21.790579923055464,Normal
User_31,2025-08-02 07:15:38,0.293,0.8267,Running,Koila,Reckless_Driving,2way,0,60,WiFi,-82,90,14,0.0073008501715836,40.32138891271185,21.791335785802524,Normal
User_32,2025-08-02 08:02:51,0.684,0.5263,Driving,Zep,Driving_Under_Influence,2way,0,70,3G,-75,4,8,0.0036218409682723,40.27981706862444,21.75554289975984,Normal
User_90,2025-08-06 12:04:55,0.395,0.5458,Running,Ligeris,Speeding,2way,4,20,3G,-85,43,14,0.0049265307810944,40.306312582128065,21.807818892319617,Normal
User_89,2025-08-06 12:27:39,0.606,0.8272,Walking,Koila,Driving_Under_Influence,2way,1,10,WiFi,-78,3,-5,0.0083957046303893,40.322851369993195,21.790974729096604,Normal
User_03,2025-08-08 12:21:52,0.47,0.7412,Running,Zep,Speeding,1way,0,30,WiFi,-84,20,7,0.0070964273454662,40.279598572000786,21.75326780623748,Normal
User_48,2025-08-09 10:31:03,0.636,0.6339,Walking,Ligeris,Driving_Under_Influence,2way,0,40,WiFi,-53,100,-8,0.0022659677121886,40.30638091176523,21.807567376655935,Normal
User_77,2025-08-09 23:13:26,0.369,0.5273,Walking,Zep,Reckless_Driving,4way,0,60,4G,-76,74,16,0.008883534391385,42.621116,21.755056714238545,Normal
User_24,2025-08-10 04:38:10,0.354,0.7818,Running,Ligeris,Driving_Under_Influence,2way,0,60,5G,-80,80,16,0.0019738157691068,40.306066786061145,21.8075504847997,Normal
User_43,2025-08-12 11:41:51,0.407,0.7244,Walking,Ligeris,Speeding,2way,1,30,WiFi,-63,31,-4,0.0043989165657144,40.30613765019836,21.80843444778327,Normal
User_59,2025-08-12 14:08:31,0.521,0.5673,Running,Koila,Driving_Under_Influence,4way,1,40,3G,-74,26,-1,0.0085968477567274,40.321957279839175,21.791531617147985,Normal
User_26,2025-08-13 08:12:26,0.495,0.6973,Walking,Zep,Reckless_Driving,1way,0,40,5G,-80,45,2,0.0028916864793209,40.278519597163985,21.75284502012152,Normal
User_04,2025-08-13 08:38:32,0.619,0.7745,Driving,Koila,Speeding,2way,2,60,WiFi,-56,84,5,0.0076860719414093,40.322700786781894,21.791048567312913,Normal
User_95,2025-08-13 22:28:47,0.36,0.7249,Driving,Zep,Speeding,2way,1,60,3G,-109,24,13,0.0086459463143168,40.280099412293104,21.752433231233763,Normal
User_01,2025-08-15 04:04:49,0.581,0.8257,Walking,Koila,Speeding,1way,0,50,3G,-109,95,0,0.0080838202081158,40.32196410121636,21.790466030455043,Normal
User_01,2025-08-16 04:34:13,0.581,0.8277,Walking,Ligeris,Reckless_Driving,1way,1,50,4G,-85,32,9,0.0070770461096244,40.306581303976344,21.808125325031497,Normal
User_21,2025-08-16 07:07:42,0.256,0.6676,Walking,Zep,Driving_Under_Influence,4way,0,30,WiFi,-56,79,13,0.0034376256994371,37.072002,21.75469326868673,Normal
User_62,2025-08-17 09:28:29,0.471,0.565,Driving,Koila,Speeding,4way,1,40,5G,-108,67,12,0.0036475563794463,40.322527995918215,21.790106552531917,Normal
User_81,2025-08-17 13:35:20,0.307,0.5493,Running,Ligeris,Driving_Under_Influence,2way,0,40,4G,-86,80,-15,0.0067615578152615,40.30619520126006,21.806988815626383,Normal
User_83,2025-08-18 03:44:42,0.498,0.5417,Driving,Koila,Driving_Under_Influence,2way,1,60,WiFi,-58,68,0,0.0079753204071673,40.32285487248091,21.79051119509333,Normal
User_51,2025-08-18 05:52:14,0.574,0.5933,Running,Zep,Driving_Under_Influence,2way,0,50,3G,-88,71,-11,0.0050283044857088,40.27952699264992,21.753199658958287,Normal
User_81,2025-08-18 10:01:32,0.307,0.5503,Running,Ligeris,Driving_Under_Influence,2way,1,70,WiFi,-56,84,-1,0.0014678246987988,40.30621644353235,21.808992253242316,Normal
User_56,2025-08-18 15:06:23,0.449,0.7966,Running,Ligeris,Reckless_Driving,2way,0,80,WiFi,-83,93,11,0.007054731572523,40.30565549353871,21.806674196874297,Normal
User_42,2025-08-18 16:48:26,0.544,0.8263,Walking,Zep,Speeding,4way,0,80,4G,-100,96,10,0.0086254900956497,40.27944770932788,21.753297143364303,Normal
User_48,2025-08-19 23:56:07,0.636,0.6549,Driving,Ligeris,Speeding,4way,1,60,5G,-87,78,-1,0.0078641161678979,40.306383641306645,21.807568980816644,Normal
User_54,2025-08-20 00:21:57,0.482,0.8389,Walking,Zep,Driving_Under_Influence,2way,0,10,5G,-95,0,-11,0.0086256160643795,40.278859970615834,21.75290288256473,Normal
User_100,2025-08-23 19:53:06,0.718,0.809,Walking,Koila,Speeding,4way,5,10,4G,-119,86,2,0.0069411498336617,40.321209505447136,21.789902777698018,Normal
User_54,2025-08-24 13:11:02,0.482,0.8469,Running,Ligeris,Driving_Under_Influence,2way,1,10,WiFi,-72,46,-12,0.0036398200656912,40.30552344341089,21.806869768715263,Normal
User_54,2025-08-24 14:15:19,0.482,0.8479,Running,Zep,Reckless_Driving,2way,0,40,4G,-71,89,-12,0.0087873685221234,40.27849740235048,21.753552254452273,Normal
User_17,2025-08-24 18:01:49,0.439,0.8456,Running,Koila,Speeding,1way,0,30,4G,-114,84,-13,0.0052819345150925,40.322388816822034,21.79311705125649,Normal
User_97,2025-08-26 02:58:02,0.737,0.6876,Walking,Koila,Driving_Under_Influence,1way,1,10,3G,-70,62,9,0.0023262494437454,40.321144442976994,21.791425672210742,Normal
User_54,2025-08-26 06:11:31,0.482,0.8509,Running,Ligeris,Reckless_Driving,4way,2,40,3G,-97,4,-2,0.0039922191261189,40.30630199737924,21.80693968526932,Normal
User_29,2025-08-26 06:36:15,0.603,0.8263,Driving,Koila,Reckless_Driving,4way,2,80,5G,-89,25,14,0.0090360587371896,40.32333097234531,21.790197305962423,Normal
User_25,2025-08-26 15:19:45,0.352,0.5403,Walking,Ligeris,Reckless_Driving,2way,1,60,3G,-111,29,15,0.0096156974898331,40.306354873462105,21.807399490026793,Normal
User_80,2025-08-26 16:21:54,0.447,0.8026,Driving,Ligeris,Reckless_Driving,4way,0,40,3G,-113,15,2,0.0054023001173626,40.30745197322091,21.80836282775787,Normal
User_53,2025-08-27 12:01:05,0.703,0.6713,Running,Koila,Speeding,1way,2,30,4G,Ethernet,48,-3,0.0073728358633694,40.32070602688588,21.790867603602873,Normal
User_23,2025-08-27 15:08:49,0.532,0.5457,Driving,Zep,Driving_Under_Influence,1way,0,40,WiFi,-66,73,-10,0.0056258355236133,40.27862501784388,21.75347484187616,Normal
User_59,2025-08-27 20:15:52,0.521,0.5963,Driving,Koila,Speeding,2way,5,90,5G,-102,93,8,0.006675759625468,40.32094626439466,21.790439408929117,Normal
User_69,2025-08-28 02:42:53,0.667,0.5841,Running,Koila,Speeding,1way,0,70,3G,-99,26,-14,0.0040704040881145,40.322217701960824,21.791069998496425,Normal
User_39,2025-08-28 18:04:50,0.297,0.8074,Walking,Koila,Speeding,4way,0,20,3G,-77,0,9,0.009231471685807,40.32252941268915,21.790055628860305,Normal
User_95,2025-08-29 18:39:22,0.36,0.7569,Driving,Koila,Driving_Under_Influence,1way,1,30,5G,-110,31,-1,0.0045915158172159,40.32298414772198,21.792699350037505,Normal
User_69,2025-08-31 15:21:56,0.667,0.5911,Walking,Koila,Reckless_Driving,1way,0,40,3G,-81,34,-8,0.00582410361645,40.321995626440994,21.791333904079075,Normal
User_99,2025-09-01 01:04:30,0.622,0.6514,Running,Zep,9,4way,2,50,3G,-114,6,-8,0.0051940457376121,40.278840941543926,21.754308446797648,Normal
User_16,2025-09-01 18:01:12,0.455,0.7578,Walking,Ligeris,Reckless_Driving,1way,0,10,4G,-114,14,13,0.005005264124365,40.30641343277706,21.807711206907,Normal
User_61,2025-09-01 22:52:33,0.304,0.6336,Walking,Koila,Driving_Under_Influence,2way,0,Illegal_Parking,3G,-75,87,12,0.0058510258519229,40.32290880559546,21.7903265978686,Normal
User_98,2025-09-02 01:56:50,0.734,0.635,Walking,Koila,Reckless_Driving,1way,1,40,WiFi,-69,98,-5,0.0092677906946675,40.321201285571135,21.789903698263224,Normal
User_94,2025-09-03 13:32:02,0.459,0.496,Walking,Koila,Reckless_Driving,2way,1,20,4G,-113,88,8,0.0095410271998356,40.32281915478406,21.79202199183068,Normal
User_50,2025-09-04 02:32:50,0.395,0.7174,Running,Zep,Driving_Under_Influence,2way,2,40,WiFi,-59,32,0,0.0066428628267313,40.27926316875073,21.755295371116503,Normal
User_41,2025-09-04 14:06:50,0.642,0.8375,Walking,Zep,Speeding,2way,0,40,WiFi,-67,43,10,0.0053785397000217,40.27911955040523,21.752128327636367,Normal
User_27,2025-09-06 22:34:04,0.33,0.702,Running,Zep,Driving_Under_Influence,2way,1,10,5G,-113,73,-3,0.0072269108249424,40.27983163841763,21.753361748233004,Normal
User_03,2025-09-07 03:20:37,0.47,0.8002,Driving,Ligeris,Speeding,2way,0,80,3G,Satellite,55,-13,0.0036952663521895,40.30553046970978,21.80810746186087,Normal
User_30,2025-09-07 12:51:55,0.478,0.7011,Driving,Koila,Speeding,1way,0,60,5G,-106,46,-3,0.0072915498469479,40.32138741689804,21.79076427654231,Normal
User_40,2025-09-09 01:26:09,0.357,0.5901,Running,Koila,Driving_Under_Influence,1way,0,40,5G,-94,29,5,0.003570248404364,40.32167350029276,21.78928082346684,Normal
User_91,2025-09-10 18:31:09,0.716,0.7163,Driving,Koila,Driving_Under_Influence,4way,1,50,3G,-83,10,-15,0.0037777948590236,40.32199556407927,21.79117774718006,Normal
User_23,2025-09-11 00:37:29,0.532,0.5757,Walking,Zep,Speeding,2way,0,40,5G,-107,51,1,0.0085277819035535,40.27811782512288,21.75459340627945,Normal
User_90,2025-09-12 12:30:55,0.395,0.6208,Running,Koila,Reckless_Driving,4way,3,60,WiFi,-80,30,-5,0.0030644170122058,40.32214358966338,21.79085372752601,Normal
User_51,2025-09-12 13:39:45,0.574,0.6443,Running,Koila,Reckless_Driving,2way,0,30,4G,-78,62,-16,0.0042377738800181,40.32124844215963,21.790752757238693,Normal
User_63,2025-09-14 03:18:27,0.549,0.8813,Running,Ligeris,Speeding,2way,0,50,5G,-82,54,-15,0.0014453882665267,40.30624484366352,23.79962,Normal
User_75,2025-09-14 19:54:25,0.65,0.8004,Running,Zep,Driving_Under_Influence,4way,0,30,5G,-75,69,0,0.009120048119244,40.28132829302634,21.75364390518375,Normal
User_68,2025-09-16 16:11:53,0.402,0.7477,Walking,Ligeris,Reckless_Driving,2way,0,10,4G,-112,80,-5,0.0018070636171261,40.306365362397536,21.805274239312435,Normal
User_42,2025-09-18 03:55:12,0.544,0.8893,Walking,Zep,Reckless_Driving,2way,0,40,5G,-105,21,0,0.0056852368537781,40.27973553241382,21.753379645325293,Normal
User_53,2025-09-19 10:30:54,0.703,0.7163,Driving,Zep,Reckless_Driving,1way,0,Illegal_Parking,4G,-104,18,-12,0.0031540474101177,40.28001239849714,21.755043887306467,Normal
User_37,2025-09-19 21:28:30,0.696,0.5387,Driving,Koila,Speeding,1way,1,50,5G,-117,82,8,0.0049887390650279,40.32200284419009,23.597594,Normal
User_92,2025-09-20 15:29:26,0.622,0.5344,Running,Ligeris,Reckless_Driving,2way,0,50,5G,-89,83,11,0.0094839589177822,40.3057355353329,21.806420359519496,Normal
User_92,2025-09-20 22:16:46,0.622,0.5354,Running,Zep,Speeding,2way,0,30,4G,-81,84,-16,0.0015733966176305,40.2790523193885,21.75127390005157,Normal
User_95,2025-09-21 11:46:48,0.36,0.8029,Walking,Koila,Reckless_Driving,1way,1,80,3G,-102,89,4,0.0011212135039407,40.322030721043774,21.789488126876,Normal
User_62,2025-09-22 05:52:25,0.471,0.638,Driving,Ligeris,Speeding,2way,0,40,WiFi,-75,70,9,0.044,40.30518261690518,21.806728220521947,Unintentional
User_84,2025-09-22 14:36:54,0.488,0.7204,Walking,Ligeris,Driving_Under_Influence,2way,1,80,5G,-104,43,2,0.003535096092361,40.306897530910135,21.809543798618932,Normal
User_18,2025-09-23 08:16:44,0.669,0.6904,Driving,Koila,Reckless_Driving,2way,0,40,WiFi,-59,8,6,0.0065102576470919,40.32183430030585,21.790480686165928,Normal
User_78,2025-09-23 19:56:48,0.615,0.739,Walking,Koila,Reckless_Driving,1way,0,80,3G,-84,22,-5,0.0046429468969417,40.32267929969287,21.791875574523164,Normal
User_39,2025-09-23 21:05:38,0.297,0.8584,Walking,Koila,Speeding,1way,1,110,WiFi,-65,18,-4,0.0028113172807219,40.32148842045792,21.790447143392452,Normal
User_37,2025-09-24 02:57:12,0.696,0.5477,Walking,Ligeris,Reckless_Driving,2way,0,30,3G,-110,50,5,0.0017764159414322,40.30701202909798,21.808442352966207,Normal
User_42,2025-09-24 07:10:09,0.544,0.9003,Running,Zep,Reckless_Driving,1way,0,120,3G,-109,73,-14,0.0051555408051294,40.28056976166119,21.753092057132235,Normal
User_29,2025-09-24 14:26:20,0.603,0.8843,Flying,Zep,Speeding,2way,3,10,4G,-110,42,7,0.0014652911597441,40.279100159390616,21.75275932727038,Intentional
User_23,2025-09-24 22:28:31,0.532,0.6027,Walking,Ligeris,Reckless_Driving,2way,4,20,4G,-98,83,11,0.0018344254995019,40.305905149997805,21.80704305423462,Normal
User_100,2025-09-25 12:17:50,0.718,0.875,Walking,Ligeris,Reckless_Driving,1way,2,70,3G,-94,77,6,0.0020523405624036,40.305853015718725,21.808375752030777,Normal
User_15,2025-09-25 14:02:34,0.369,0.5758,Walking,Koila,Driving_Under_Influence,2way,1,50,WiFi,-65,49,15,0.0051916108386489,40.323265006896165,21.791967458196908,Normal
User_14,2025-09-25 18:07:09,0.533,0.6166,Driving,Koila,Driving_Under_Influence,1way,4,10,WiFi,-51,67,2,0.0075610358079713,40.32237464397808,21.790423829796584,Normal
User_62,2025-09-26 03:15:04,0.471,0.645,Running,Koila,Speeding,1way,0,30,WiFi,-64,82,4,0.0056831919174065,40.32215886362196,21.79152315891032,Normal
User_03,2025-09-26 20:56:02,0.47,0.8392,Walking,Ligeris,Driving_Under_Influence,4way,1,20,3G,Ethernet,43,14,0.0051969551342141,40.30538434464215,21.807836692193277,Normal
User_15,2025-09-27 14:58:21,0.369,0.5798,Walking,Zep,Speeding,1way,0,30,4G,-78,83,6,0.0076639689941029,40.28053169092967,21.754351964863005,Normal
User_12,2025-09-28 09:34:29,0.74,0.8241,Running,Zep,Speeding,1way,0,90,WiFi,-69,80,6,0.0026679703519235,40.28000105074246,21.75302083173785,Normal
User_93,2025-09-29 10:25:50,0.333,0.9293,Driving,Zep,Speeding,2way,2,40,5G,-71,44,24,0.005554939370771,40.27987884794065,21.752606169732683,Unintentional
User_05,2025-09-29 15:42:08,0.307,0.6837,Running,Koila,Driving_Under_Influence,4way,3,40,WiFi,-67,0,11,0.006824220072727,40.322192063327506,21.790854710887057,Normal
User_47,2025-09-30 09:38:55,0.345,0.671,Running,Zep,Speeding,4way,0,60,4G,-71,86,3,0.0040840795047333,40.27868274995747,21.753887124427266,Normal
User_37,2025-09-30 12:35:22,0.696,0.5607,Walking,Koila,Reckless_Driving,2way,2,10,5G,-84,87,-2,0.002729212282847,40.32083082247927,21.789744878210943,Normal
User_73,2025-09-30 13:55:09,0.343,0.9153,Running,Ligeris,Speeding,2way,0,40,3G,-92,16,1,0.00180696495417,40.30574589190049,21.807689156537496,Normal
User_26,2025-10-01 05:21:27,0.495,0.7953,Walking,Zep,Reckless_Driving,1way,0,70,3G,-89,89,15,0.0049236176232881,40.279574052317,21.752977736816455,Normal
User_95,2025-10-01 05:36:44,0.36,0.8219,Driving,Center,Driving_Under_Influence,2way,0,20,3G,-118,20,9,0.0054803008923881,40.32287318850151,21.790964240475496,Intentional
User_30,2025-10-02 20:45:25,0.478,0.7521,Walking,Zep,Reckless_Driving,4way,1,30,5G,-76,10,8,0.0014080481877622,40.28089965075445,21.75307415178993,Normal
User_70,2025-10-04 14:28:33,0.314,0.7241,Walking,Ligeris,Speeding,4way,2,40,3G,-107,-138,-6,0.0099938383708246,40.3074274588803,21.80624555341824,Normal
User_11,2025-10-05 19:29:31,0.263,0.9078,Driving,Ligeris,Driving_Under_Influence,4way,1,90,3G,-95,47,5,0.0070598162252598,40.3051734189884,21.807312053233684,Normal
User_78,2025-10-06 10:19:06,0.615,0.766,Walking,Ligeris,Reckless_Driving,1way,4,60,5G,-113,57,11,0.0069229817666666,40.304683131955755,21.807465691679283,Normal
User_48,2025-10-07 17:20:13,0.636,0.7529,Walking,Ligeris,Reckless_Driving,2way,4,70,3G,-120,64,6,0.0099666422793071,40.30662240911351,21.805767577703392,Normal
User_97,2025-10-08 17:40:46,0.737,0.7736,Running,Ligeris,Speeding,4way,0,90,4G,-83,8,-18,0.003082733686312,40.306305994549376,21.806778154488445,Unintentional
User_66,2025-10-10 05:57:16,0.551,0.7009,Walking,Ligeris,Driving_Under_Influence,2way,1,40,3G,-98,76,9,0.007875275528014,40.30604172103964,21.805828840756632,Normal
User_11,2025-10-11 03:50:49,0.263,0.9188,Running,Ligeris,Speeding,2way,0,80,5G,-113,100,-21,0.0019481737336152,40.30660270375979,21.807766595763923,Unintentional
User_11,2025-10-11 04:24:08,0.263,0.9198,Running,Koila,Speeding,1way,160,60,WiFi,-53,5,8,0.0089974067489337,40.32222984683461,21.79137563971325,Normal
User_50,2025-10-11 11:27:42,0.395,0.7924,Driving,Koila,Speeding,4way,0,30,3G,-103,59,-16,0.0094867718403209,40.32089781278935,21.791399373724342,Normal
User_90,2025-10-11 20:21:45,0.395,0.6788,Running,Zep,Reckless_Driving,2way,2,20,WiFi,-62,29,6,0.0013268027350534,40.27903382236848,21.752642066788667,Normal
User_79,2025-10-11 21:44:49,0.326,0.6559,Walking,Koila,Speeding,2way,0,70,3G,-98,61,-1,0.0038938189602826,40.32238319670392,21.79121302487838,Normal
User_51,2025-10-12 16:55:48,0.574,0.7043,Driving,Zep,Reckless_Driving,1way,0,10,3G,-87,87,7,0.0022509831708498,40.27959662573603,21.753308990631705,Normal
User_02,2025-10-12 17:13:38,0.477,0.7654,Driving,Zep,Speeding,2way,1,40,WiFi,-71,46,9,0.0018317985709435,40.27912711481399,21.75294592331812,Normal
User_66,2025-10-15 04:14:28,0.551,0.7109,Running,Ligeris,Speeding,4way,0,60,4G,-114,50,-5,0.0045237130137195,40.306664892430675,23.950433,Normal
User_94,2025-10-15 07:38:06,0.459,0.579,Driving,Koila,Speeding,2way,1,20,5G,-86,75,-9,0.0027369127366343,40.32115294677431,21.792190743339063,Normal
User_21,2025-10-15 12:59:27,0.256,0.7866,Walking,Zep,Speeding,2way,3,20,3G,-114,17,-3,0.0089365183919324,40.278597490379425,21.75225641752709,Normal
User_27,2025-10-15 19:02:33,0.33,0.78,Running,Zep,Reckless_Driving,1way,2,80,3G,-103,90,-5,0.0020701332461929,40.27929075087185,21.752970493257333,Normal
User_72,2025-10-15 21:30:30,0.359,0.8918,Walking,Ligeris,Reckless_Driving,4way,2,10,WiFi,-82,38,-2,0.001234109297252,40.3052862322394,21.80726122807242,Normal
User_02,2025-10-17 09:43:06,0.477,0.7744,Running,Ligeris,Speeding,2way,1,90,4G,-71,94,16,0.003478666160094,40.30517353377948,23.079584,Normal
User_86,2025-10-17 12:39:54,0.343,0.7928,Running,Koila,Driving_Under_Influence,2way,1,70,3G,Satellite,57,2,0.0089560172707859,40.323480024269394,21.792124691949574,Normal
User_18,2025-10-17 16:16:41,0.669,0.7384,Driving,Zep,Speeding,1way,5,20,3G,-120,37,-10,0.0083390389154751,40.27958728098152,21.7538333179861,Normal
User_48,2025-10-18 03:59:38,0.636,0.7739,Running,Ligeris,Driving_Under_Influence,1way,2,20,4G,-98,35,-2,0.0071342709786728,40.30574093725948,21.808309081336553,Normal
User_40,2025-10-18 18:05:29,0.357,0.6691,Driving,Zep,Speeding,1way,0,50,4G,-118,13,-3,0.0060404886090455,40.28031276405325,21.752987069759136,Normal
User_17,2025-10-19 14:53:25,0.439,0.9576,Running,Ligeris,Reckless_Driving,1way,1,90,5G,-99,59,16,0.0029523428847497,40.30657494996898,21.80644715530973,Normal
User_48,2025-10-19 23:58:58,0.636,0.7769,Running,Ligeris,Driving_Under_Influence,1way,1,70,5G,-94,64,-4,0.006157661447035,40.30646907897185,21.809427083335617,Normal
User_75,2025-10-21 19:41:26,0.65,0.8744,Walking,Koila,Driving_Under_Influence,2way,0,80,WiFi,-68,44,1,0.0065845096399277,40.32203516069961,21.79062744109178,Normal
User_50,2025-10-22 13:59:46,0.395,0.8144,Driving,Koila,Driving_Under_Influence,2way,0,50,5G,-76,26,-1,0.0087280917458923,40.320947321623045,21.79124991087126,Normal
User_33,2025-10-22 14:59:23,0.554,0.7943,Running,Zep,Reckless_Driving,1way,1,80,3G,-98,8,11,0.0036468775426431,40.28063256804025,21.75171205428916,Normal
User_100,2025-10-22 21:25:50,0.718,0.929,Driving,Koila,Driving_Under_Influence,2way,0,70,5G,-95,-36,11,0.0074123454974158,40.32196348694877,21.78918666066564,Normal
User_63,2025-10-22 23:10:55,0.549,0.9583,Driving,Koila,Speeding,2way,0,60,5G,-91,91,23,0.0088313791006207,40.32160955238511,21.790704621934104,Unintentional
User_42,2025-10-23 01:48:11,0.544,0.9583,Walking,Koila,Speeding,4way,1,40,4G,-74,52,7,0.0067470302425034,40.32313056913715,21.79058178207582,Normal
User_10,2025-10-25 12:11:18,0.35,0.8855,Walking,Ligeris,Reckless_Driving,2way,0,60,4G,-96,32,13,0.0061604755403639,40.30620840285597,21.8075695035533,Normal
User_79,2025-10-25 15:40:06,0.326,0.6829,Driving,Koila,Speeding,4way,0,30,5G,-105,87,16,0.0021993103587788,40.322836285918946,21.790047010766024,Normal
User_62,2025-10-27 09:02:36,0.471,0.708,Walking,Zep,Speeding,4way,1,30,WiFi,-80,4,-1,0.0033416342554333,40.278297607882266,21.752769275573645,Normal
User_33,2025-10-27 14:48:23,0.554,0.8043,Driving,Ligeris,Speeding,2way,2,80,103,-70,51,6,0.0028290297434805,40.305755104036464,21.80684195900021,Normal
User_53,2025-10-28 14:12:11,0.703,0.7953,Driving,Koila,Reckless_Driving,4way,0,40,3G,-82,81,-5,0.0060322462316552,40.321954362021906,21.790314926882964,Normal
User_55,2025-10-29 23:31:09,0.3,0.9774,Driving,Koila,Speeding,4way,2,70,WiFi,-74,91,-10,0.0018959190556853,40.32046643923314,21.79027299951,Normal
User_04,2025-11-01 06:32:32,0.619,0.9355,Driving,Zep,Speeding,4way,1,10,3G,-109,38,14,0.0014433849024815,40.27943787296089,21.75347882325921,Normal
User_84,2025-11-02 02:27:04,0.488,0.8014,Running,Zep,Reckless_Driving,1way,2,20,4G,-114,2,6,0.0074047762614725,40.27917648629808,21.755441438977893,Normal
User_23,2025-11-02 06:25:23,0.532,0.6797,Driving,Ligeris,Driving_Under_Influence,1way,0,80,4G,-114,26,-3,0.0087103337437121,40.30582043244652,21.808170550252537,Normal
User_63,2025-11-02 21:50:15,0.549,0.9793,Walking,Zep,Reckless_Driving,2way,1,70,3G,-76,43,-3,0.0011466109490464,38.65085,21.753687573138404,Normal
User_12,2025-11-03 23:15:07,0.74,0.8961,Running,Ligeris,Speeding,2way,0,50,WiFi,-57,21,9,0.0029279230639339,37.19715,21.807583602394825,Normal
User_48,2025-11-04 11:59:46,0.636,0.8089,Walking,Koila,Reckless_Driving,4way,0,40,5G,-110,79,-3,0.0062493899153397,40.32343924566876,21.79034916335836,Normal
User_71,2025-11-04 17:16:28,0.259,0.8752,Walking,Ligeris,Driving_Under_Influence,2way,2,30,4G,-91,25,3,0.0049552395513851,40.306946988417664,21.80743466245175,Normal
User_04,2025-11-05 20:03:37,0.619,0.9435,Driving,Zep,Speeding,4way,0,30,3G,-115,45,-9,0.0017813284067275,40.27966660051773,21.75309609662629,Normal
User_47,2025-11-06 06:25:04,0.345,0.745,Running,Ligeris,Driving_Under_Influence,4way,0,10,4G,-114,80,7,0.025,40.30765619227691,21.80872934668314,Unintentional
User_85,2025-11-06 22:02:22,0.653,0.8203,Driving,Zep,Driving_Under_Influence,2way,0,30,WiFi,-80,63,12,0.0015899685451854,40.280942816309874,21.7533368442683,Normal
User_58,2025-11-06 23:29:13,0.744,0.8122,Walking,Ligeris,Speeding,1way,0,30,5G,-106,37,-3,0.0065812713625872,40.304929930227615,21.80704143445021,Normal
User_65,2025-11-07 18:08:01,0.654,0.8782,Walking,Koila,Driving_Under_Influence,2way,1,20,4G,-76,91,13,0.001647532545471,40.322220968004295,21.7913696546244,Normal
User_24,2025-11-08 17:34:56,0.354,0.9628,Driving,Ligeris,Speeding,2way,0,50,WiFi,-75,56,-3,0.0084523322467029,40.30643553037069,21.806336446636884,Normal
User_14,2025-11-10 05:31:13,0.533,0.7076,Driving,Koila,Reckless_Driving,4way,0,60,5G,-91,19,-11,0.0093428822178007,40.32226933994855,21.79123716269855,Normal
User_16,2025-11-10 09:44:03,0.455,0.8968,Running,Ligeris,Driving_Under_Influence,4way,0,40,3G,-120,83,10,0.024,40.30682662912568,21.806807643698328,Unintentional
User_81,2025-11-11 04:12:31,0.307,0.7203,Driving,Zep,Speeding,1way,0,20,5G,-83,21,-13,0.001654290775565,40.28043090651153,21.7532791107293,Normal
User_02,2025-11-11 06:40:10,0.477,0.8254,Driving,Ligeris,6,2way,1,10,3G,-98,22,8,0.0094893061795512,40.30707995632165,21.80898740705997,Normal
User_36,2025-11-11 16:49:20,0.58,0.89,Walking,Zep,Reckless_Driving,2way,1,20,WiFi,-78,61,-9,0.0098694228040363,40.27955694115542,21.75326164784899,Normal
User_92,2025-11-12 02:11:28,0.622,0.6404,Driving,Koila,Speeding,2way,0,40,4G,-83,31,-13,0.0099276440736284,40.323520117072775,21.79072062085231,Normal
User_94,2025-11-12 21:09:14,0.459,0.636,Walking,Zep,Driving_Under_Influence,2way,2,20,5G,-109,16,-16,0.0064994026518925,40.27956285975891,21.751586048029345,Normal
User_64,2025-11-14 22:34:36,0.287,0.6447,Walking,Zep,Driving_Under_Influence,4way,0,60,5G,-93,73,8,0.0028468439759529,40.2796040261537,21.75455344642652,Normal
User_06,2025-11-15 04:44:14,0.573,0.8647,Walking,Ligeris,Speeding,2way,2,30,4G,-118,75,16,0.0040289373761095,40.305214440440515,21.805794972827993,Normal
User_87,2025-11-15 15:02:23,0.64,0.9435,Walking,Koila,Speeding,1way,1,30,5G,-111,72,-11,0.0072959281546926,40.322294363576425,21.791244925188565,Normal
User_73,2025-11-15 21:21:39,0.343,1.0,Running,Zep,Reckless_Driving,1way,1,70,WiFi,-88,49,12,0.0055802401465694,40.2801121728198,21.754813731675107,Normal
User_41,2025-11-16 11:38:20,0.642,0.9835,Walking,Ligeris,Reckless_Driving,2way,0,50,4G,-104,1,2,0.009068164885399,40.305913856371184,21.80793956583781,Normal
User_79,2025-11-16 18:27:54,0.326,0.7279,Driving,Zep,Reckless_Driving,2way,3,80,5G,-82,10,-3,0.0093682560720502,40.280619015386605,21.75241736579951,Normal
User_16,2025-11-18 17:49:39,0.455,0.9128,Running,Zep,Driving_Under_Influence,2way,5,10,3G,-103,95,5,0.0063897655844838,40.28039438037932,21.7541012683574,Normal
User_48,2025-11-18 18:39:48,0.636,0.8369,Running,Koila,Driving_Under_Influence,4way,0,40,WiFi,-89,32,-14,0.0090536220683807,40.322307100586066,21.79243374214502,Normal
User_95,2025-11-21 08:49:12,0.36,0.9239,Walking,Ligeris,Speeding,2way,1,20,3G,-71,15,8,0.0065339708805153,40.306185712275,21.807647509676904,Normal
User_96,2025-11-24 05:33:23,0.308,0.8168,Running,Koila,Speeding,4way,2,70,4G,-104,85,13,0.0024086611745127,40.32187097650736,21.79357285413375,Normal
User_34,2025-11-25 01:51:03,0.466,0.7762,Running,Zep,Reckless_Driving,2way,2,30,5G,-72,2,9,0.0038934405762183,40.27811685519789,21.754046501410283,Normal
User_17,2025-11-27 00:08:03,0.439,1.0,Walking,Ligeris,Reckless_Driving,2way,4,40,3G,-117,30,5,0.0051140847803665,40.30633493120511,21.807110873371528,Normal
User_22,2025-11-27 00:53:57,0.656,0.7616,Driving,Zep,Driving_Under_Influence,2way,2,50,WiFi,-85,47,-8,0.0076435534108459,40.27952633322224,21.752238314809112,Normal
User_64,2025-11-29 06:14:38,0.287,0.6747,Walking,Ligeris,Speeding,4way,0,80,5G,-92,98,-9,0.0033280438145514,40.30558242218125,21.805734290346095,Normal
User_73,2025-11-29 07:40:16,0.343,1.0,Driving,Ligeris,Reckless_Driving,1way,0,60,3G,-80,50,4,0.0082725481748158,40.30704690949268,21.80562748329502,Normal
User_22,2025-11-30 01:19:39,0.656,0.7676,Walking,Ligeris,Speeding,2way,1,90,WiFi,-81,41,5,0.0096073732099527,40.30603795678708,21.807592940882245,Normal
User_86,2025-12-01 22:57:42,0.343,0.8838,Running,Ligeris,Driving_Under_Influence,2way,1,30,WiFi,-63,30,5,0.0081493645980885,40.30562798540064,21.807763933317062,Normal
User_67,2025-12-02 02:15:11,0.692,0.9101,Running,Koila,Reckless_Driving,1way,0,70,3G,-110,3,15,0.003185517384368,40.32222283377224,21.79344020345592,Normal
User_13,2025-12-02 15:35:03,0.738,0.9453,Driving,Zep,Driving_Under_Influence,2way,0,40,5G,-79,59,7,0.0076331169295887,40.278407162854506,21.752596350483863,Normal
User_69,2025-12-03 02:17:05,0.667,0.7781,Walking,Koila,Speeding,2way,1,80,4G,-73,15,14,0.0023569605982241,40.32217659999733,21.79268352779187,Normal
User_32,2025-12-03 08:58:20,0.684,0.7733,Walking,Ligeris,Driving_Under_Influence,1way,0,30,3G,-109,19,-6,0.0031279784154863,40.3077632533294,21.807566051607477,Normal
User_26,2025-12-03 17:04:20,0.495,0.9213,Walking,Ligeris,Speeding,1way,0,70,3G,-103,69,-11,0.003538082891631,40.3063011651671,21.807371705091963,Normal
User_55,2025-12-04 10:03:01,0.3,1.0,Running,Ligeris,Speeding,2way,1,40,4G,-116,55,-3,0.0036243598752858,40.30472831302267,21.80809087525461,Normal
User_65,2025-12-06 01:02:05,0.654,0.9352,Walking,Ligeris,Reckless_Driving,2way,0,30,WiFi,-52,-47,14,0.0058774805230023,40.30531394919715,21.80562128294474,Normal
User_11,2025-12-06 16:28:53,0.263,1.0,Walking,Koila,Speeding,1way,3,30,3G,-103,1,-2,0.0091762090937571,40.32193391525324,21.792213358314648,Normal
User_35,2025-12-07 14:21:13,0.301,0.7385,Walking,Zep,Speeding,2way,0,70,5G,-84,99,2,0.0086495659610289,40.27814999401976,21.75330728828248,Normal
User_59,2025-12-08 12:01:39,0.521,0.8033,Running,Zep,Driving_Under_Influence,4way,3,40,4G,-118,97,-16,0.0060457930389229,40.278709418090635,21.7528989304826,Normal
User_25,2025-12-09 12:08:13,0.352,0.7503,Driving,Zep,Reckless_Driving,2way,2,50,3G,-103,84,9,0.0066093887376495,40.27955491449268,21.753262285365235,Normal
User_92,2025-12-10 12:53:01,0.622,0.6964,Walking,Zep,Driving_Under_Influence,2way,2,30,WiFi,-78,70,9,0.0093947353817289,40.279195053614266,21.753442516665427,Normal
User_51,2025-12-10 20:33:19,0.574,0.8213,Walking,Koila,Reckless_Driving,2way,0,30,4G,-99,7,5,0.0060453289000233,40.323219390554584,21.78945297301955,Normal
User_05,2025-12-11 03:39:59,0.307,0.8287,Driving,Koila,Reckless_Driving,4way,2,10,3G,-100,-31,16,0.0044325907088428,40.32209669906008,21.789388153662948,Normal
User_62,2025-12-11 07:37:47,0.471,0.797,Walking,Ligeris,Speeding,2way,1,60,5G,-103,25,-3,0.0049004624750522,40.30621507820104,21.807795853156133,Normal
User_14,2025-12-11 08:36:20,0.533,0.7696,Running,Zep,Speeding,1way,0,50,WiFi,-75,98,3,0.0058687016719286,40.27909478832317,21.753929270001944,Normal
User_09,2025-12-12 14:52:36,0.444,0.7927,Driving,Ligeris,Driving_Under_Influence,1way,0,40,4G,-71,65,-5,0.0091296098109028,40.305143855836015,21.809168281963196,Normal
User_85,2025-12-13 02:46:47,0.653,0.8933,Running,Koila,Driving_Under_Influence,1way,0,90,WiFi,-52,7,16,0.0056015816753396,40.32259138839638,21.790946658154013,Normal
User_32,2025-12-13 17:49:18,0.684,0.7933,Running,Ligeris,Driving_Under_Influence,4way,1,60,4G,-72,20,-2,0.0018841844635862,40.30611429939998,21.80565680558565,Normal
User_49,2025-12-14 05:43:30,0.462,0.8647,Running,Ligeris,Driving_Under_Influence,4way,1,40,4G,-72,70,-6,0.0037353298855259,40.306311538698466,21.805615698805862,Normal
User_90,2025-12-15 09:02:52,0.395,0.8078,Running,Ligeris,Speeding,2way,1,60,3G,-75,81,-12,0.0057691358548573,41.848156,21.805487723946285,Normal
User_57,2025-12-16 17:47:59,0.592,0.9518,Walking,Zep,Reckless_Driving,1way,0,80,WiFi,-84,68,-8,0.0016191849585462,40.279762800385306,21.752219595730356,Normal
User_87,2025-12-17 09:18:59,0.64,1.0,Running,Ligeris,Speeding,1way,0,60,118,-111,98,-7,0.009569863936426,40.3070082258184,21.80926437566901,Normal
User_97,2025-12-17 14:17:36,0.737,0.9146,Walking,Center,Driving_Under_Influence,2way,1,80,WiFi,-67,82,5,0.0032751197387675,40.30595759385543,21.807637065071855,Intentional
User_59,2025-12-17 20:43:12,0.521,0.8213,Walking,Koila,Driving_Under_Influence,1way,0,20,4G,-117,79,-3,0.0037871455574418,40.32141969542721,21.792229148380574,Normal
User_26,2025-12-17 22:23:22,0.495,0.9493,Driving,Koila,Speeding,1way,0,30,3G,-120,67,-8,0.0086934818576709,40.32221790501354,21.791047062277865,Normal
User_52,2025-12-17 23:10:02,0.706,1.0,Driving,Zep,Reckless_Driving,2way,0,60,5G,-114,91,10,0.0060803232387088,40.279727301764005,21.75260488531208,Normal
User_45,2025-12-19 20:40:59,0.693,0.9014,Driving,Ligeris,Driving_Under_Influence,2way,0,80,WiFi,-62,49,4,0.0017622380677422,40.30673405550855,21.807614109978445,Normal
User_27,2025-12-21 00:14:41,0.33,0.913,Driving,Koila,Speeding,2way,1,10,5G,-86,28,1,0.0048261572396983,40.32352963799165,21.791892497484938,Normal
User_10,2025-12-21 23:26:09,0.35,1.0,Driving,Zep,Reckless_Driving,2way,2,50,3G,-73,12,-4,0.0014489349278791,40.27901513918134,21.75398216107288,Normal
User_40,2025-12-25 18:21:26,0.357,0.8051,Walking,Ligeris,Speeding,1way,1,40,5G,-93,52,13,0.0028724724039609,40.306340144545814,21.80573460218122,Normal
User_08,2025-12-26 00:40:11,0.33,1.0,Driving,Ligeris,Driving_Under_Influence,4way,2,Harassing_Driver,3G,-100,15,10,0.0071594196780243,40.30728923542894,21.805648328214897,Normal
User_54,2025-12-26 19:27:29,0.482,1.0,Running,Ligeris,Driving_Under_Influence,2way,1,90,4G,-91,47,-10,0.0049011755394437,40.30540856550552,21.806458263048658,Normal
User_10,2025-12-30 04:15:17,0.35,1.0,Driving,Ligeris,Driving_Under_Influence,2way,4,50,3G,-82,82,-13,0.0079435189147912,40.306431408501616,21.807932566852383,Normal
User_71,2025-12-30 17:03:01,0.259,0.9882,Walking,Ligeris,Reckless_Driving,2way,0,30,5G,-119,3,-8,0.0096811433337618,40.30537494036337,21.807115793146785,Normal
User_91,2025-12-30 19:47:08,0.716,0.9383,Driving,Zep,Reckless_Driving,4way,1,70,4G,-100,23,0,0.008331650111078,41.737998,21.753999438380863,Normal
User_07,2025-12-31 17:57:03,0.47,0.9604,Running,Koila,Speeding,2way,0,60,118,-92,92,6,0.0045805125762654,40.32258248686287,21.79004117823326,Normal
